--user_account
insert into user_account (user_account_id, name, email) values (1, 'Marshal', 'msandry0@blogger.com');
insert into user_account (user_account_id, name, email) values (2, 'Al', 'aferber1@cbc.ca');
insert into user_account (user_account_id, name, email) values (3, 'Katinka', 'ksperwell2@ehow.com');
insert into user_account (user_account_id, name, email) values (4, 'Harcourt', 'htowse3@php.net');
insert into user_account (user_account_id, name, email) values (5, 'Lesley', 'lhalward4@salon.com');
insert into user_account (user_account_id, name, email) values (6, 'Perkin', 'pbillison5@nifty.com');
insert into user_account (user_account_id, name, email) values (7, 'Pavlov', 'pnissle6@twitter.com');
insert into user_account (user_account_id, name, email) values (8, 'Marlie', 'mgrolle7@unblog.fr');
insert into user_account (user_account_id, name, email) values (9, 'Percival', 'pkille8@a8.net');
insert into user_account (user_account_id, name, email) values (10, 'Bertrand', 'btootal9@usda.gov');
insert into user_account (user_account_id, name, email) values (11, 'Astrid', 'ahurlstona@lulu.com');
insert into user_account (user_account_id, name, email) values (12, 'Marji', 'mcapaldob@nymag.com');
insert into user_account (user_account_id, name, email) values (13, 'Durand', 'druslingec@example.com');
insert into user_account (user_account_id, name, email) values (14, 'Arne', 'agoutd@tiny.cc');
insert into user_account (user_account_id, name, email) values (15, 'Bo', 'broyanse@taobao.com');
insert into user_account (user_account_id, name, email) values (16, 'Erie', 'ebaptistaf@clickbank.net');
insert into user_account (user_account_id, name, email) values (17, 'Christoph', 'celgoodg@goo.gl');
insert into user_account (user_account_id, name, email) values (18, 'Phillida', 'pwanlessh@issuu.com');
insert into user_account (user_account_id, name, email) values (19, 'Freedman', 'fmcgrudderi@timesonline.co.uk');
insert into user_account (user_account_id, name, email) values (20, 'Florella', 'fgamagej@facebook.com');
insert into user_account (user_account_id, name, email) values (21, 'Rand', 'rohanlonk@qq.com');
insert into user_account (user_account_id, name, email) values (22, 'Hinda', 'hbrilonl@clickbank.net');
insert into user_account (user_account_id, name, email) values (23, 'Ignace', 'icanapem@is.gd');
insert into user_account (user_account_id, name, email) values (24, 'Mariann', 'mbridaln@mediafire.com');
insert into user_account (user_account_id, name, email) values (25, 'Hillel', 'harieso@yolasite.com');
insert into user_account (user_account_id, name, email) values (26, 'Ahmed', 'atitcombp@miitbeian.gov.cn');
insert into user_account (user_account_id, name, email) values (27, 'Barbara', 'bdroganq@topsy.com');
insert into user_account (user_account_id, name, email) values (28, 'Corny', 'chirschr@yahoo.co.jp');
insert into user_account (user_account_id, name, email) values (29, 'Benn', 'bpeyzers@google.com.hk');
insert into user_account (user_account_id, name, email) values (30, 'Brandais', 'bmuffint@gravatar.com');
insert into user_account (user_account_id, name, email) values (31, 'Clyde', 'cshorthillu@fema.gov');
insert into user_account (user_account_id, name, email) values (32, 'Dulsea', 'ddallaghanv@usda.gov');
insert into user_account (user_account_id, name, email) values (33, 'Eugenie', 'elerigow@senate.gov');
insert into user_account (user_account_id, name, email) values (34, 'Minta', 'mvalancex@psu.edu');
insert into user_account (user_account_id, name, email) values (35, 'Konstanze', 'kdeporty@flickr.com');
insert into user_account (user_account_id, name, email) values (36, 'Donella', 'dlakentonz@statcounter.com');
insert into user_account (user_account_id, name, email) values (37, 'Aila', 'abeverstock10@princeton.edu');
insert into user_account (user_account_id, name, email) values (38, 'Naomi', 'nogglebie11@ebay.co.uk');
insert into user_account (user_account_id, name, email) values (39, 'Gerianna', 'groiz12@blog.com');
insert into user_account (user_account_id, name, email) values (40, 'Babita', 'bcowup13@liveinternet.ru');
insert into user_account (user_account_id, name, email) values (41, 'Gibby', 'gogorman14@google.ru');
insert into user_account (user_account_id, name, email) values (42, 'Abey', 'asibbert15@addthis.com');
insert into user_account (user_account_id, name, email) values (43, 'Cate', 'cschutze16@usatoday.com');
insert into user_account (user_account_id, name, email) values (44, 'Leyla', 'lpudan17@storify.com');
insert into user_account (user_account_id, name, email) values (45, 'Federico', 'foldknowe18@samsung.com');
insert into user_account (user_account_id, name, email) values (46, 'Emma', 'ebalasini19@un.org');
insert into user_account (user_account_id, name, email) values (47, 'Henderson', 'htrimby1a@cbslocal.com');
insert into user_account (user_account_id, name, email) values (48, 'Eba', 'eraymen1b@phpbb.com');
insert into user_account (user_account_id, name, email) values (49, 'Debera', 'dnitto1c@shop-pro.jp');
insert into user_account (user_account_id, name, email) values (50, 'Alexandro', 'acrebott1d@usda.gov');
insert into user_account (user_account_id, name, email) values (51, 'Myrilla', 'mrivalant1e@apple.com');
insert into user_account (user_account_id, name, email) values (52, 'Roberto', 'rkluger1f@topsy.com');
insert into user_account (user_account_id, name, email) values (53, 'Shaun', 'sraiman1g@bizjournals.com');
insert into user_account (user_account_id, name, email) values (54, 'Noellyn', 'nrubinsaft1h@cbc.ca');
insert into user_account (user_account_id, name, email) values (55, 'Shea', 'slucien1i@bandcamp.com');
insert into user_account (user_account_id, name, email) values (56, 'Martita', 'mstuttman1j@tiny.cc');
insert into user_account (user_account_id, name, email) values (57, 'Lucita', 'lchamperlen1k@hhs.gov');
insert into user_account (user_account_id, name, email) values (58, 'Austina', 'abrownsmith1l@woothemes.com');
insert into user_account (user_account_id, name, email) values (59, 'Kesley', 'kbenedetti1m@cocolog-nifty.com');
insert into user_account (user_account_id, name, email) values (60, 'Starr', 'sdraco1n@youku.com');
insert into user_account (user_account_id, name, email) values (61, 'Lindsy', 'ldebney1o@princeton.edu');
insert into user_account (user_account_id, name, email) values (62, 'Michaella', 'mdyton1p@cbc.ca');
insert into user_account (user_account_id, name, email) values (63, 'Libby', 'ldunne1q@i2i.jp');
insert into user_account (user_account_id, name, email) values (64, 'Rollin', 'rkolak1r@loc.gov');
insert into user_account (user_account_id, name, email) values (65, 'Devi', 'dhornung1s@timesonline.co.uk');
insert into user_account (user_account_id, name, email) values (66, 'Peggie', 'pgroundwater1t@bandcamp.com');
insert into user_account (user_account_id, name, email) values (67, 'Gardie', 'gsyrie1u@imgur.com');
insert into user_account (user_account_id, name, email) values (68, 'Lonna', 'lell1v@google.es');
insert into user_account (user_account_id, name, email) values (69, 'Tally', 'tclapp1w@posterous.com');
insert into user_account (user_account_id, name, email) values (70, 'Marline', 'msecretan1x@bluehost.com');
insert into user_account (user_account_id, name, email) values (71, 'Honor', 'hgruczka1y@friendfeed.com');
insert into user_account (user_account_id, name, email) values (72, 'Pippo', 'pgossage1z@tinyurl.com');
insert into user_account (user_account_id, name, email) values (73, 'Randell', 'rhender20@mapquest.com');
insert into user_account (user_account_id, name, email) values (74, 'Kristoffer', 'kmoulder21@vinaora.com');
insert into user_account (user_account_id, name, email) values (75, 'Penrod', 'pbinestead22@github.com');
insert into user_account (user_account_id, name, email) values (76, 'Park', 'pdinnies23@last.fm');
insert into user_account (user_account_id, name, email) values (77, 'Farlie', 'foshevlin24@clickbank.net');
insert into user_account (user_account_id, name, email) values (78, 'Logan', 'lyouthed25@newyorker.com');
insert into user_account (user_account_id, name, email) values (79, 'Clara', 'cfernehough26@icq.com');
insert into user_account (user_account_id, name, email) values (80, 'Titos', 'tengall27@qq.com');
insert into user_account (user_account_id, name, email) values (81, 'Cairistiona', 'ccolton28@tumblr.com');
insert into user_account (user_account_id, name, email) values (82, 'Barnie', 'bgauld29@trellian.com');
insert into user_account (user_account_id, name, email) values (83, 'Barnaby', 'bshorey2a@oracle.com');
insert into user_account (user_account_id, name, email) values (84, 'Merola', 'mlangthorne2b@cdc.gov');
insert into user_account (user_account_id, name, email) values (85, 'Herb', 'hhanster2c@google.pl');
insert into user_account (user_account_id, name, email) values (86, 'Lucio', 'lbrea2d@rambler.ru');
insert into user_account (user_account_id, name, email) values (87, 'Kip', 'kocarmody2e@tripod.com');
insert into user_account (user_account_id, name, email) values (88, 'Nye', 'nbradder2f@cyberchimps.com');
insert into user_account (user_account_id, name, email) values (89, 'Sofie', 'sreany2g@amazon.co.uk');
insert into user_account (user_account_id, name, email) values (90, 'Edna', 'eedgerly2h@topsy.com');
insert into user_account (user_account_id, name, email) values (91, 'Dyanna', 'dfirsby2i@china.com.cn');
insert into user_account (user_account_id, name, email) values (92, 'Boothe', 'bdeanesy2j@people.com.cn');
insert into user_account (user_account_id, name, email) values (93, 'Gaby', 'gcupper2k@about.com');
insert into user_account (user_account_id, name, email) values (94, 'Arvin', 'aberridge2l@ibm.com');
insert into user_account (user_account_id, name, email) values (95, 'Ynez', 'ylucien2m@instagram.com');
insert into user_account (user_account_id, name, email) values (96, 'Robbie', 'rgeroldini2n@github.com');
insert into user_account (user_account_id, name, email) values (97, 'Moritz', 'mbes2o@ucsd.edu');
insert into user_account (user_account_id, name, email) values (98, 'Zackariah', 'zpallas2p@hatena.ne.jp');
insert into user_account (user_account_id, name, email) values (99, 'Cort', 'ccullotey2q@delicious.com');
insert into user_account (user_account_id, name, email) values (100, 'Blakelee', 'blewcock2r@symantec.com');
insert into user_account (user_account_id, name, email) values (2729636089, '강요한', 'cullotey2q@delicious.com');

--friend
insert into friend (name, phone_num, user_account_id) values ('Felicio', '280-977-4704', 42);
insert into friend (name, phone_num, user_account_id) values ('Norbert', '854-102-9684', 56);
insert into friend (name, phone_num, user_account_id) values ('Gilemette', '108-951-6464', 6);
insert into friend (name, phone_num, user_account_id) values ('Dorey', '605-916-9473', 21);
insert into friend (name, phone_num, user_account_id) values ('Shae', '500-185-8437', 14);
insert into friend (name, phone_num, user_account_id) values ('Myrlene', '862-804-5119', 72);
insert into friend (name, phone_num, user_account_id) values ('Emanuele', '169-294-8859', 65);
insert into friend (name, phone_num, user_account_id) values ('Ethan', '355-563-9434', 24);
insert into friend (name, phone_num, user_account_id) values ('Liesa', '357-768-3901', 52);
insert into friend (name, phone_num, user_account_id) values ('Flora', '256-890-5973', 53);
insert into friend (name, phone_num, user_account_id) values ('Ketty', '681-725-4792', 10);
insert into friend (name, phone_num, user_account_id) values ('Callida', '322-172-6429', 82);
insert into friend (name, phone_num, user_account_id) values ('Emmet', '566-511-5293', 23);
insert into friend (name, phone_num, user_account_id) values ('Oliver', '182-217-5042', 81);
insert into friend (name, phone_num, user_account_id) values ('Dodie', '805-324-4412', 68);
insert into friend (name, phone_num, user_account_id) values ('Hedda', '564-702-5322', 75);
insert into friend (name, phone_num, user_account_id) values ('Tabor', '946-490-1405', 18);
insert into friend (name, phone_num, user_account_id) values ('Aloise', '114-784-6932', 58);
insert into friend (name, phone_num, user_account_id) values ('Vito', '475-898-3131', 63);
insert into friend (name, phone_num, user_account_id) values ('Olav', '949-687-0133', 62);
insert into friend (name, phone_num, user_account_id) values ('Eldredge', '923-715-7812', 20);
insert into friend (name, phone_num, user_account_id) values ('Georgeta', '828-754-8337', 7);
insert into friend (name, phone_num, user_account_id) values ('Darice', '754-541-8459', 3);
insert into friend (name, phone_num, user_account_id) values ('Elisabetta', '274-357-0778', 55);
insert into friend (name, phone_num, user_account_id) values ('Scottie', '808-719-2537', 77);
insert into friend (name, phone_num, user_account_id) values ('Henrietta', '322-283-0305', 91);
insert into friend (name, phone_num, user_account_id) values ('Lilian', '170-592-4450', 31);
insert into friend (name, phone_num, user_account_id) values ('Ermina', '407-302-8295', 31);
insert into friend (name, phone_num, user_account_id) values ('Jabez', '404-217-1140', 95);
insert into friend (name, phone_num, user_account_id) values ('Jade', '266-235-9518', 24);
insert into friend (name, phone_num, user_account_id) values ('Reginauld', '627-830-1146', 8);
insert into friend (name, phone_num, user_account_id) values ('Rudy', '556-167-7772', 82);
insert into friend (name, phone_num, user_account_id) values ('Rachel', '420-564-7523', 29);
insert into friend (name, phone_num, user_account_id) values ('Beniamino', '102-376-7608', 64);
insert into friend (name, phone_num, user_account_id) values ('Carole', '223-420-6823', 1);
insert into friend (name, phone_num, user_account_id) values ('Ali', '149-811-3112', 69);
insert into friend (name, phone_num, user_account_id) values ('Jase', '202-837-8427', 28);
insert into friend (name, phone_num, user_account_id) values ('Nikolaos', '245-457-1276', 41);
insert into friend (name, phone_num, user_account_id) values ('Nappy', '737-131-6902', 97);
insert into friend (name, phone_num, user_account_id) values ('Ebeneser', '724-460-5453', 10);
insert into friend (name, phone_num, user_account_id) values ('Mervin', '616-691-9520', 11);
insert into friend (name, phone_num, user_account_id) values ('Elwood', '278-426-2359', 58);
insert into friend (name, phone_num, user_account_id) values ('Ezmeralda', '305-297-8694', 67);
insert into friend (name, phone_num, user_account_id) values ('Faun', '386-176-9831', 46);
insert into friend (name, phone_num, user_account_id) values ('Randall', '189-581-2580', 74);
insert into friend (name, phone_num, user_account_id) values ('Tarra', '209-368-9630', 85);
insert into friend (name, phone_num, user_account_id) values ('Adriano', '811-635-0766', 100);
insert into friend (name, phone_num, user_account_id) values ('Guglielmo', '676-615-9451', 89);
insert into friend (name, phone_num, user_account_id) values ('Hamel', '520-267-3958', 85);
insert into friend (name, phone_num, user_account_id) values ('Trevor', '970-118-7489', 46);
insert into friend (name, phone_num, user_account_id) values ('Isaak', '945-531-8265', 19);
insert into friend (name, phone_num, user_account_id) values ('Henrietta', '601-362-3105', 91);
insert into friend (name, phone_num, user_account_id) values ('Talbert', '779-689-9775', 64);
insert into friend (name, phone_num, user_account_id) values ('Orlan', '463-461-1951', 91);
insert into friend (name, phone_num, user_account_id) values ('Dom', '931-496-7676', 4);
insert into friend (name, phone_num, user_account_id) values ('Karie', '206-876-1973', 13);
insert into friend (name, phone_num, user_account_id) values ('Giacomo', '239-987-2913', 35);
insert into friend (name, phone_num, user_account_id) values ('Kellsie', '327-386-7655', 34);
insert into friend (name, phone_num, user_account_id) values ('Zed', '690-200-9102', 40);
insert into friend (name, phone_num, user_account_id) values ('Gerrie', '404-184-7067', 15);
insert into friend (name, phone_num, user_account_id) values ('Marcia', '165-384-2224', 55);
insert into friend (name, phone_num, user_account_id) values ('Remy', '445-710-1768', 77);
insert into friend (name, phone_num, user_account_id) values ('Morlee', '504-262-8701', 13);
insert into friend (name, phone_num, user_account_id) values ('Cornelle', '251-802-1709', 21);
insert into friend (name, phone_num, user_account_id) values ('Roddie', '367-240-2652', 96);
insert into friend (name, phone_num, user_account_id) values ('Evelyn', '320-391-6749', 33);
insert into friend (name, phone_num, user_account_id) values ('Ciel', '894-198-6596', 4);
insert into friend (name, phone_num, user_account_id) values ('Claire', '533-952-4685', 74);
insert into friend (name, phone_num, user_account_id) values ('Xenos', '326-347-6181', 5);
insert into friend (name, phone_num, user_account_id) values ('Miquela', '345-328-7584', 36);
insert into friend (name, phone_num, user_account_id) values ('Conny', '982-331-9727', 55);
insert into friend (name, phone_num, user_account_id) values ('Kellina', '230-719-0921', 75);
insert into friend (name, phone_num, user_account_id) values ('Sylvan', '389-674-3568', 95);
insert into friend (name, phone_num, user_account_id) values ('Margarita', '292-457-4556', 16);
insert into friend (name, phone_num, user_account_id) values ('Emelia', '485-811-0934', 32);
insert into friend (name, phone_num, user_account_id) values ('Corliss', '370-142-2665', 70);
insert into friend (name, phone_num, user_account_id) values ('Lexie', '866-553-4467', 21);
insert into friend (name, phone_num, user_account_id) values ('Joseito', '236-896-3870', 69);
insert into friend (name, phone_num, user_account_id) values ('Farah', '281-871-9509', 1);
insert into friend (name, phone_num, user_account_id) values ('Em', '750-830-5711', 74);
insert into friend (name, phone_num, user_account_id) values ('Bax', '624-134-2115', 59);
insert into friend (name, phone_num, user_account_id) values ('Jo', '983-970-5263', 66);
insert into friend (name, phone_num, user_account_id) values ('Sophey', '195-736-7097', 95);
insert into friend (name, phone_num, user_account_id) values ('Starlin', '908-402-3905', 4);
insert into friend (name, phone_num, user_account_id) values ('Yolane', '795-641-1187', 93);
insert into friend (name, phone_num, user_account_id) values ('Lula', '169-371-3455', 30);
insert into friend (name, phone_num, user_account_id) values ('Dody', '215-109-3236', 20);
insert into friend (name, phone_num, user_account_id) values ('Carlye', '594-620-0489', 1);
insert into friend (name, phone_num, user_account_id) values ('Gale', '291-849-2698', 32);
insert into friend (name, phone_num, user_account_id) values ('Baron', '934-577-6270', 93);
insert into friend (name, phone_num, user_account_id) values ('Sharai', '456-254-9569', 65);
insert into friend (name, phone_num, user_account_id) values ('Peder', '777-405-1432', 49);
insert into friend (name, phone_num, user_account_id) values ('Lilllie', '857-306-1359', 26);
insert into friend (name, phone_num, user_account_id) values ('Morena', '901-762-1685', 71);
insert into friend (name, phone_num, user_account_id) values ('Edmon', '604-968-0757', 99);
insert into friend (name, phone_num, user_account_id) values ('Evonne', '127-445-6429', 16);
insert into friend (name, phone_num, user_account_id) values ('Rodi', '833-374-5693', 16);
insert into friend (name, phone_num, user_account_id) values ('Lucien', '108-489-5939', 20);
insert into friend (name, phone_num, user_account_id) values ('Raimundo', '870-832-9255', 52);
insert into friend (name, phone_num, user_account_id) values ('Leicester', '595-579-6225', 73);
insert into friend (name, phone_num, user_account_id) values ('Howie', '698-437-7093', 81);
insert into friend (name, phone_num, user_account_id) values ('Cordy', '482-669-8478', 53);
insert into friend (name, phone_num, user_account_id) values ('Gunner', '761-838-6835', 34);
insert into friend (name, phone_num, user_account_id) values ('Whitney', '198-550-9354', 8);
insert into friend (name, phone_num, user_account_id) values ('Cullan', '121-819-8565', 99);
insert into friend (name, phone_num, user_account_id) values ('Waite', '534-696-9214', 60);
insert into friend (name, phone_num, user_account_id) values ('Nolie', '227-899-3648', 23);
insert into friend (name, phone_num, user_account_id) values ('Janey', '121-100-8654', 52);
insert into friend (name, phone_num, user_account_id) values ('Berkie', '417-152-4967', 3);
insert into friend (name, phone_num, user_account_id) values ('Judie', '783-680-8565', 99);
insert into friend (name, phone_num, user_account_id) values ('Vernon', '160-660-3760', 59);
insert into friend (name, phone_num, user_account_id) values ('Pier', '250-321-1271', 42);
insert into friend (name, phone_num, user_account_id) values ('Nikolaus', '790-744-8609', 27);
insert into friend (name, phone_num, user_account_id) values ('Flem', '153-610-0402', 18);
insert into friend (name, phone_num, user_account_id) values ('Glennie', '648-171-8432', 6);
insert into friend (name, phone_num, user_account_id) values ('Christan', '695-244-3503', 76);
insert into friend (name, phone_num, user_account_id) values ('Meaghan', '746-792-7009', 18);
insert into friend (name, phone_num, user_account_id) values ('Arny', '727-347-2628', 90);
insert into friend (name, phone_num, user_account_id) values ('Jenifer', '936-371-5401', 35);
insert into friend (name, phone_num, user_account_id) values ('Sean', '521-443-2501', 51);
insert into friend (name, phone_num, user_account_id) values ('Keeley', '646-113-0095', 64);
insert into friend (name, phone_num, user_account_id) values ('Urson', '137-839-6157', 31);
insert into friend (name, phone_num, user_account_id) values ('Hobie', '524-344-5778', 57);
insert into friend (name, phone_num, user_account_id) values ('Cass', '195-496-7152', 88);
insert into friend (name, phone_num, user_account_id) values ('Dorise', '194-452-5371', 49);
insert into friend (name, phone_num, user_account_id) values ('Gaven', '396-368-2001', 51);
insert into friend (name, phone_num, user_account_id) values ('Archer', '230-894-8882', 34);
insert into friend (name, phone_num, user_account_id) values ('Deeann', '624-681-8501', 33);
insert into friend (name, phone_num, user_account_id) values ('Kerk', '968-387-5968', 57);
insert into friend (name, phone_num, user_account_id) values ('Vivie', '576-916-1345', 39);
insert into friend (name, phone_num, user_account_id) values ('Sayer', '568-857-1173', 2);
insert into friend (name, phone_num, user_account_id) values ('Marten', '105-233-2786', 3);
insert into friend (name, phone_num, user_account_id) values ('Derrik', '327-228-8044', 70);
insert into friend (name, phone_num, user_account_id) values ('Avril', '942-842-5514', 75);
insert into friend (name, phone_num, user_account_id) values ('Cathee', '389-470-8717', 97);
insert into friend (name, phone_num, user_account_id) values ('Berky', '389-293-4771', 21);
insert into friend (name, phone_num, user_account_id) values ('Corinne', '325-744-6908', 8);
insert into friend (name, phone_num, user_account_id) values ('Estella', '535-630-6215', 15);
insert into friend (name, phone_num, user_account_id) values ('Nerty', '800-828-5201', 62);
insert into friend (name, phone_num, user_account_id) values ('Misti', '493-385-3385', 21);
insert into friend (name, phone_num, user_account_id) values ('Filia', '750-190-2199', 31);
insert into friend (name, phone_num, user_account_id) values ('Ottilie', '961-155-9367', 39);
insert into friend (name, phone_num, user_account_id) values ('Kalina', '914-381-0383', 83);
insert into friend (name, phone_num, user_account_id) values ('Lorena', '250-399-4249', 90);
insert into friend (name, phone_num, user_account_id) values ('Rae', '623-300-5514', 99);
insert into friend (name, phone_num, user_account_id) values ('Korney', '152-363-2277', 76);
insert into friend (name, phone_num, user_account_id) values ('Jen', '384-175-4184', 85);
insert into friend (name, phone_num, user_account_id) values ('Kara-lynn', '845-627-1165', 98);
insert into friend (name, phone_num, user_account_id) values ('Gayla', '347-955-0694', 63);
insert into friend (name, phone_num, user_account_id) values ('Chantalle', '211-768-8556', 11);
insert into friend (name, phone_num, user_account_id) values ('Gina', '513-873-5627', 19);
insert into friend (name, phone_num, user_account_id) values ('Gena', '967-174-4305', 55);
insert into friend (name, phone_num, user_account_id) values ('Clo', '470-156-1353', 55);
insert into friend (name, phone_num, user_account_id) values ('Cassius', '560-480-9745', 48);
insert into friend (name, phone_num, user_account_id) values ('Brade', '482-257-1097', 22);
insert into friend (name, phone_num, user_account_id) values ('Erika', '330-135-7930', 61);
insert into friend (name, phone_num, user_account_id) values ('Margalit', '799-303-0401', 96);
insert into friend (name, phone_num, user_account_id) values ('Michelle', '381-227-6771', 42);
insert into friend (name, phone_num, user_account_id) values ('Jinny', '714-416-8582', 44);
insert into friend (name, phone_num, user_account_id) values ('Dougy', '734-852-9235', 80);
insert into friend (name, phone_num, user_account_id) values ('Lacie', '654-565-7481', 68);
insert into friend (name, phone_num, user_account_id) values ('Bayard', '695-717-1508', 64);
insert into friend (name, phone_num, user_account_id) values ('Weider', '423-986-9011', 30);
insert into friend (name, phone_num, user_account_id) values ('Ursala', '122-926-8334', 10);
insert into friend (name, phone_num, user_account_id) values ('Ber', '847-138-9445', 12);
insert into friend (name, phone_num, user_account_id) values ('Justen', '502-686-3241', 73);
insert into friend (name, phone_num, user_account_id) values ('Rice', '276-368-9755', 39);
insert into friend (name, phone_num, user_account_id) values ('Daisy', '151-492-5240', 96);
insert into friend (name, phone_num, user_account_id) values ('Niels', '295-120-5572', 6);
insert into friend (name, phone_num, user_account_id) values ('Samson', '900-406-4115', 87);
insert into friend (name, phone_num, user_account_id) values ('Ely', '116-992-4207', 40);
insert into friend (name, phone_num, user_account_id) values ('Claudie', '985-671-8893', 16);
insert into friend (name, phone_num, user_account_id) values ('Bevon', '453-859-4802', 77);
insert into friend (name, phone_num, user_account_id) values ('Rubetta', '918-235-9879', 39);
insert into friend (name, phone_num, user_account_id) values ('Hillel', '185-680-5273', 49);
insert into friend (name, phone_num, user_account_id) values ('Toinette', '543-966-1958', 41);
insert into friend (name, phone_num, user_account_id) values ('Alice', '916-559-6194', 78);
insert into friend (name, phone_num, user_account_id) values ('Dasha', '813-212-9243', 93);
insert into friend (name, phone_num, user_account_id) values ('Barbee', '625-994-0951', 42);
insert into friend (name, phone_num, user_account_id) values ('Gradeigh', '226-720-0860', 13);
insert into friend (name, phone_num, user_account_id) values ('Chev', '383-264-9791', 89);
insert into friend (name, phone_num, user_account_id) values ('Chaunce', '484-606-9228', 91);
insert into friend (name, phone_num, user_account_id) values ('Jeannie', '366-289-4253', 48);
insert into friend (name, phone_num, user_account_id) values ('Emmalynne', '801-360-9774', 1);
insert into friend (name, phone_num, user_account_id) values ('Ivan', '535-357-3873', 36);
insert into friend (name, phone_num, user_account_id) values ('Cesare', '965-635-4747', 75);
insert into friend (name, phone_num, user_account_id) values ('Welbie', '377-215-7335', 21);
insert into friend (name, phone_num, user_account_id) values ('Orsa', '252-215-5916', 3);
insert into friend (name, phone_num, user_account_id) values ('Pearce', '175-248-8067', 70);
insert into friend (name, phone_num, user_account_id) values ('Wandie', '774-931-9785', 2);
insert into friend (name, phone_num, user_account_id) values ('Ellery', '640-245-9553', 90);
insert into friend (name, phone_num, user_account_id) values ('Libbey', '148-703-7372', 97);
insert into friend (name, phone_num, user_account_id) values ('Krystyna', '654-928-9882', 82);
insert into friend (name, phone_num, user_account_id) values ('Terry', '409-771-3470', 65);
insert into friend (name, phone_num, user_account_id) values ('Jilli', '822-421-8351', 71);
insert into friend (name, phone_num, user_account_id) values ('Cherry', '344-313-0621', 71);
insert into friend (name, phone_num, user_account_id) values ('Merci', '742-824-9939', 12);
insert into friend (name, phone_num, user_account_id) values ('Sybilla', '837-372-9058', 83);
insert into friend (name, phone_num, user_account_id) values ('Illa', '331-147-5800', 44);
insert into friend (name, phone_num, user_account_id) values ('Dorelle', '355-564-9288', 11);
insert into friend (name, phone_num, user_account_id) values ('Noami', '464-196-6482', 18);
insert into friend (name, phone_num, user_account_id) values ('Harmonie', '370-971-7512', 9);
insert into friend (name, phone_num, user_account_id) values ('Dodie', '884-152-7919', 50);
insert into friend (name, phone_num, user_account_id) values ('Alena', '953-908-4104', 14);
insert into friend (name, phone_num, user_account_id) values ('Marietta', '339-196-0982', 60);
insert into friend (name, phone_num, user_account_id) values ('Rice', '502-954-4559', 89);
insert into friend (name, phone_num, user_account_id) values ('Iago', '283-276-9030', 88);
insert into friend (name, phone_num, user_account_id) values ('Sonia', '850-548-1502', 54);
insert into friend (name, phone_num, user_account_id) values ('Madelin', '461-925-6898', 24);
insert into friend (name, phone_num, user_account_id) values ('Hatti', '598-451-4282', 34);
insert into friend (name, phone_num, user_account_id) values ('Zed', '148-160-1052', 54);
insert into friend (name, phone_num, user_account_id) values ('Milissent', '111-649-7722', 76);
insert into friend (name, phone_num, user_account_id) values ('Mathe', '930-242-5510', 7);
insert into friend (name, phone_num, user_account_id) values ('Glory', '401-291-8515', 95);
insert into friend (name, phone_num, user_account_id) values ('Nicol', '641-381-7786', 87);
insert into friend (name, phone_num, user_account_id) values ('Ermentrude', '894-491-6579', 50);
insert into friend (name, phone_num, user_account_id) values ('Stern', '666-797-8243', 14);
insert into friend (name, phone_num, user_account_id) values ('Darren', '346-560-5512', 80);
insert into friend (name, phone_num, user_account_id) values ('Petronilla', '910-582-3833', 17);
insert into friend (name, phone_num, user_account_id) values ('Clayton', '531-830-8282', 67);
insert into friend (name, phone_num, user_account_id) values ('Hewet', '791-365-5964', 76);
insert into friend (name, phone_num, user_account_id) values ('Catha', '749-318-1827', 49);
insert into friend (name, phone_num, user_account_id) values ('Rhody', '969-688-6240', 93);
insert into friend (name, phone_num, user_account_id) values ('Troy', '650-236-5713', 90);
insert into friend (name, phone_num, user_account_id) values ('Templeton', '827-224-2448', 34);
insert into friend (name, phone_num, user_account_id) values ('Ellery', '514-391-0484', 73);
insert into friend (name, phone_num, user_account_id) values ('Vilma', '453-731-7778', 95);
insert into friend (name, phone_num, user_account_id) values ('Corrie', '393-504-2361', 13);
insert into friend (name, phone_num, user_account_id) values ('Omar', '475-186-1885', 97);
insert into friend (name, phone_num, user_account_id) values ('Lian', '466-161-9485', 1);
insert into friend (name, phone_num, user_account_id) values ('Gaylord', '327-750-0989', 33);
insert into friend (name, phone_num, user_account_id) values ('Jereme', '105-759-9248', 73);
insert into friend (name, phone_num, user_account_id) values ('Gretal', '672-342-0752', 54);
insert into friend (name, phone_num, user_account_id) values ('Lynn', '253-647-8140', 40);
insert into friend (name, phone_num, user_account_id) values ('Drugi', '725-710-6682', 42);
insert into friend (name, phone_num, user_account_id) values ('Gianina', '996-276-2214', 67);
insert into friend (name, phone_num, user_account_id) values ('Tuesday', '249-261-5838', 20);
insert into friend (name, phone_num, user_account_id) values ('Jemmie', '100-732-0392', 7);
insert into friend (name, phone_num, user_account_id) values ('Cecilia', '808-446-7639', 92);
insert into friend (name, phone_num, user_account_id) values ('Homere', '835-623-3469', 18);
insert into friend (name, phone_num, user_account_id) values ('Agustin', '742-158-1402', 61);
insert into friend (name, phone_num, user_account_id) values ('Lee', '321-955-9120', 89);
insert into friend (name, phone_num, user_account_id) values ('Selig', '368-138-3050', 29);
insert into friend (name, phone_num, user_account_id) values ('Jean', '447-730-8610', 19);
insert into friend (name, phone_num, user_account_id) values ('Vinson', '923-264-9711', 29);
insert into friend (name, phone_num, user_account_id) values ('Ebenezer', '758-150-5300', 80);
insert into friend (name, phone_num, user_account_id) values ('Conroy', '671-105-0485', 35);
insert into friend (name, phone_num, user_account_id) values ('Appolonia', '656-962-1959', 32);
insert into friend (name, phone_num, user_account_id) values ('Renaud', '759-263-5216', 94);
insert into friend (name, phone_num, user_account_id) values ('Giffard', '527-650-2028', 7);
insert into friend (name, phone_num, user_account_id) values ('Dieter', '736-579-7882', 22);
insert into friend (name, phone_num, user_account_id) values ('Annie', '545-772-0242', 83);
insert into friend (name, phone_num, user_account_id) values ('Arielle', '475-138-3702', 75);
insert into friend (name, phone_num, user_account_id) values ('Reginald', '495-200-4855', 91);
insert into friend (name, phone_num, user_account_id) values ('Kassandra', '191-753-9790', 89);
insert into friend (name, phone_num, user_account_id) values ('Will', '505-800-3398', 91);
insert into friend (name, phone_num, user_account_id) values ('Mitchell', '917-754-9109', 81);
insert into friend (name, phone_num, user_account_id) values ('Raquel', '839-328-9494', 92);
insert into friend (name, phone_num, user_account_id) values ('Kyle', '399-353-0292', 70);
insert into friend (name, phone_num, user_account_id) values ('Frayda', '128-409-4741', 62);
insert into friend (name, phone_num, user_account_id) values ('Myrle', '924-747-2328', 58);
insert into friend (name, phone_num, user_account_id) values ('Darcie', '727-650-5534', 51);
insert into friend (name, phone_num, user_account_id) values ('Rossy', '257-106-0808', 5);
insert into friend (name, phone_num, user_account_id) values ('Taber', '303-713-1457', 82);
insert into friend (name, phone_num, user_account_id) values ('Netty', '324-239-2828', 35);
insert into friend (name, phone_num, user_account_id) values ('Nilson', '450-789-8321', 54);
insert into friend (name, phone_num, user_account_id) values ('George', '927-773-2125', 82);
insert into friend (name, phone_num, user_account_id) values ('Wally', '437-663-6140', 61);
insert into friend (name, phone_num, user_account_id) values ('Winfield', '915-779-3824', 84);
insert into friend (name, phone_num, user_account_id) values ('Elsinore', '989-705-8256', 89);
insert into friend (name, phone_num, user_account_id) values ('Derby', '624-391-5634', 36);
insert into friend (name, phone_num, user_account_id) values ('Rikki', '276-587-0691', 50);
insert into friend (name, phone_num, user_account_id) values ('Nanette', '509-839-9217', 4);
insert into friend (name, phone_num, user_account_id) values ('Bartolomeo', '348-915-4846', 67);
insert into friend (name, phone_num, user_account_id) values ('Grantley', '914-172-2018', 41);
insert into friend (name, phone_num, user_account_id) values ('Haskel', '632-701-8780', 50);
insert into friend (name, phone_num, user_account_id) values ('Fairfax', '863-603-0743', 5);
insert into friend (name, phone_num, user_account_id) values ('Sven', '504-170-7537', 68);
insert into friend (name, phone_num, user_account_id) values ('Delcine', '697-647-3115', 14);
insert into friend (name, phone_num, user_account_id) values ('Jethro', '986-499-5287', 2);
insert into friend (name, phone_num, user_account_id) values ('Giorgi', '327-350-5866', 29);
insert into friend (name, phone_num, user_account_id) values ('Franciskus', '578-156-1137', 22);
insert into friend (name, phone_num, user_account_id) values ('Eustacia', '768-746-4069', 8);
insert into friend (name, phone_num, user_account_id) values ('Corette', '917-797-7686', 58);
insert into friend (name, phone_num, user_account_id) values ('Robyn', '571-523-3277', 4);
insert into friend (name, phone_num, user_account_id) values ('Karlik', '161-848-2406', 35);
insert into friend (name, phone_num, user_account_id) values ('Connor', '180-761-3053', 86);
insert into friend (name, phone_num, user_account_id) values ('Steven', '585-876-7675', 45);
insert into friend (name, phone_num, user_account_id) values ('Yasmin', '149-345-7951', 97);
insert into friend (name, phone_num, user_account_id) values ('Colver', '311-600-2160', 10);
insert into friend (name, phone_num, user_account_id) values ('Goldia', '185-902-6610', 78);
insert into friend (name, phone_num, user_account_id) values ('Karlene', '350-487-8665', 27);
insert into friend (name, phone_num, user_account_id) values ('Liane', '875-967-8511', 55);
insert into friend (name, phone_num, user_account_id) values ('Ursala', '730-482-5963', 50);
insert into friend (name, phone_num, user_account_id) values ('Meade', '922-431-4828', 53);
insert into friend (name, phone_num, user_account_id) values ('Matthiew', '534-902-1906', 37);
insert into friend (name, phone_num, user_account_id) values ('Giorgi', '551-292-8795', 84);
insert into friend (name, phone_num, user_account_id) values ('Etti', '774-562-7582', 37);
insert into friend (name, phone_num, user_account_id) values ('Amble', '638-254-2902', 19);
insert into friend (name, phone_num, user_account_id) values ('Ruby', '930-790-3595', 85);
insert into friend (name, phone_num, user_account_id) values ('Daffy', '777-349-9016', 50);
insert into friend (name, phone_num, user_account_id) values ('Beverley', '697-475-1243', 60);
insert into friend (name, phone_num, user_account_id) values ('Ilyse', '377-968-9418', 89);
insert into friend (name, phone_num, user_account_id) values ('Lorelle', '438-473-0389', 81);
insert into friend (name, phone_num, user_account_id) values ('Vance', '916-431-1079', 52);
insert into friend (name, phone_num, user_account_id) values ('Price', '688-981-8063', 44);
insert into friend (name, phone_num, user_account_id) values ('Lenna', '546-742-8328', 33);
insert into friend (name, phone_num, user_account_id) values ('Moss', '194-645-1379', 76);
insert into friend (name, phone_num, user_account_id) values ('Alf', '787-893-9913', 89);
insert into friend (name, phone_num, user_account_id) values ('Miltie', '671-188-9065', 42);
insert into friend (name, phone_num, user_account_id) values ('Stace', '167-302-9977', 94);
insert into friend (name, phone_num, user_account_id) values ('Symon', '619-562-2144', 76);
insert into friend (name, phone_num, user_account_id) values ('Clarabelle', '613-463-9669', 87);
insert into friend (name, phone_num, user_account_id) values ('Karia', '459-883-4836', 82);
insert into friend (name, phone_num, user_account_id) values ('Manolo', '739-238-1931', 82);
insert into friend (name, phone_num, user_account_id) values ('Sydney', '563-432-9983', 68);
insert into friend (name, phone_num, user_account_id) values ('Byran', '638-601-5063', 20);
insert into friend (name, phone_num, user_account_id) values ('Penni', '342-826-7512', 82);
insert into friend (name, phone_num, user_account_id) values ('Reinaldo', '367-882-3768', 84);
insert into friend (name, phone_num, user_account_id) values ('Dicky', '542-906-5061', 90);
insert into friend (name, phone_num, user_account_id) values ('Ellsworth', '731-547-4329', 84);
insert into friend (name, phone_num, user_account_id) values ('Imogene', '851-507-6274', 54);
insert into friend (name, phone_num, user_account_id) values ('Theo', '810-479-7349', 79);
insert into friend (name, phone_num, user_account_id) values ('Dix', '131-347-2520', 51);
insert into friend (name, phone_num, user_account_id) values ('Rafaela', '372-686-9328', 56);
insert into friend (name, phone_num, user_account_id) values ('Ned', '249-113-9756', 34);
insert into friend (name, phone_num, user_account_id) values ('Modesta', '875-273-2980', 40);
insert into friend (name, phone_num, user_account_id) values ('Moselle', '731-651-4270', 15);
insert into friend (name, phone_num, user_account_id) values ('Leoline', '416-135-2908', 39);
insert into friend (name, phone_num, user_account_id) values ('Maitilde', '528-802-4766', 90);
insert into friend (name, phone_num, user_account_id) values ('Boonie', '588-542-5060', 45);
insert into friend (name, phone_num, user_account_id) values ('Nevile', '279-445-8226', 8);
insert into friend (name, phone_num, user_account_id) values ('Tyrus', '647-437-8149', 51);
insert into friend (name, phone_num, user_account_id) values ('Dar', '128-575-1013', 91);
insert into friend (name, phone_num, user_account_id) values ('Oralia', '980-203-0990', 40);
insert into friend (name, phone_num, user_account_id) values ('Bennie', '214-789-0146', 24);
insert into friend (name, phone_num, user_account_id) values ('Wylie', '290-198-3496', 69);
insert into friend (name, phone_num, user_account_id) values ('Gifford', '989-117-4984', 2);
insert into friend (name, phone_num, user_account_id) values ('Findley', '594-278-3908', 86);
insert into friend (name, phone_num, user_account_id) values ('Nickolas', '250-677-4067', 83);
insert into friend (name, phone_num, user_account_id) values ('Elnar', '696-564-1808', 66);
insert into friend (name, phone_num, user_account_id) values ('Camella', '253-251-1788', 74);
insert into friend (name, phone_num, user_account_id) values ('Osbert', '422-913-0798', 70);
insert into friend (name, phone_num, user_account_id) values ('Dianne', '431-401-9842', 71);
insert into friend (name, phone_num, user_account_id) values ('Dottie', '360-791-9331', 14);
insert into friend (name, phone_num, user_account_id) values ('Caria', '895-716-2452', 5);
insert into friend (name, phone_num, user_account_id) values ('Avram', '832-480-1338', 75);
insert into friend (name, phone_num, user_account_id) values ('Maddalena', '139-907-7133', 72);
insert into friend (name, phone_num, user_account_id) values ('Venus', '881-208-0394', 14);
insert into friend (name, phone_num, user_account_id) values ('Jorie', '849-874-8566', 91);
insert into friend (name, phone_num, user_account_id) values ('Johnny', '358-651-3090', 80);
insert into friend (name, phone_num, user_account_id) values ('Gibby', '837-288-4335', 34);
insert into friend (name, phone_num, user_account_id) values ('Nadine', '349-739-2869', 45);
insert into friend (name, phone_num, user_account_id) values ('Reube', '195-159-3399', 79);
insert into friend (name, phone_num, user_account_id) values ('Durand', '206-392-8867', 13);
insert into friend (name, phone_num, user_account_id) values ('Catherina', '348-745-7900', 98);
insert into friend (name, phone_num, user_account_id) values ('Dollie', '510-468-6249', 88);
insert into friend (name, phone_num, user_account_id) values ('Arlana', '390-619-1586', 4);
insert into friend (name, phone_num, user_account_id) values ('Delbert', '888-477-1430', 69);
insert into friend (name, phone_num, user_account_id) values ('Ephrem', '987-171-2825', 86);
insert into friend (name, phone_num, user_account_id) values ('Gayleen', '101-866-9359', 40);
insert into friend (name, phone_num, user_account_id) values ('Abbie', '565-863-8790', 36);
insert into friend (name, phone_num, user_account_id) values ('Florry', '910-398-0058', 6);
insert into friend (name, phone_num, user_account_id) values ('Truman', '294-416-2448', 44);
insert into friend (name, phone_num, user_account_id) values ('Layne', '831-230-7673', 98);
insert into friend (name, phone_num, user_account_id) values ('Miller', '278-584-0712', 75);
insert into friend (name, phone_num, user_account_id) values ('Darrelle', '941-984-7939', 94);
insert into friend (name, phone_num, user_account_id) values ('Belia', '524-783-6172', 28);
insert into friend (name, phone_num, user_account_id) values ('Archy', '405-120-2555', 48);
insert into friend (name, phone_num, user_account_id) values ('Alexandre', '593-290-9540', 77);
insert into friend (name, phone_num, user_account_id) values ('Jordan', '965-663-9752', 98);
insert into friend (name, phone_num, user_account_id) values ('Lezlie', '752-922-3201', 5);
insert into friend (name, phone_num, user_account_id) values ('Moses', '138-333-3337', 96);
insert into friend (name, phone_num, user_account_id) values ('Leonid', '920-175-9221', 82);
insert into friend (name, phone_num, user_account_id) values ('Cosme', '104-765-7032', 33);
insert into friend (name, phone_num, user_account_id) values ('Almeda', '734-697-4250', 30);
insert into friend (name, phone_num, user_account_id) values ('Rudolph', '946-929-3017', 14);
insert into friend (name, phone_num, user_account_id) values ('Marlyn', '713-469-4301', 21);
insert into friend (name, phone_num, user_account_id) values ('Patrick', '746-458-3588', 57);
insert into friend (name, phone_num, user_account_id) values ('Willis', '547-114-2336', 34);
insert into friend (name, phone_num, user_account_id) values ('Layton', '397-462-7335', 70);
insert into friend (name, phone_num, user_account_id) values ('Harry', '721-860-3032', 95);
insert into friend (name, phone_num, user_account_id) values ('Pet', '541-299-7499', 40);
insert into friend (name, phone_num, user_account_id) values ('Nobie', '934-564-6588', 7);
insert into friend (name, phone_num, user_account_id) values ('Sidonnie', '499-350-1470', 33);
insert into friend (name, phone_num, user_account_id) values ('Dody', '464-745-1748', 18);
insert into friend (name, phone_num, user_account_id) values ('Merla', '539-481-1061', 65);
insert into friend (name, phone_num, user_account_id) values ('Codi', '127-669-0149', 46);
insert into friend (name, phone_num, user_account_id) values ('Lemuel', '845-616-6700', 72);
insert into friend (name, phone_num, user_account_id) values ('Garry', '955-182-0297', 71);
insert into friend (name, phone_num, user_account_id) values ('Care', '207-104-7454', 14);
insert into friend (name, phone_num, user_account_id) values ('Barnabe', '641-270-8798', 48);
insert into friend (name, phone_num, user_account_id) values ('Alf', '982-572-0537', 38);
insert into friend (name, phone_num, user_account_id) values ('Jeannie', '341-858-1070', 94);
insert into friend (name, phone_num, user_account_id) values ('Garrott', '222-129-4132', 86);
insert into friend (name, phone_num, user_account_id) values ('Janet', '720-215-3157', 7);
insert into friend (name, phone_num, user_account_id) values ('Raychel', '358-509-8090', 29);
insert into friend (name, phone_num, user_account_id) values ('Jolee', '921-806-0612', 97);
insert into friend (name, phone_num, user_account_id) values ('Clive', '617-232-6308', 22);
insert into friend (name, phone_num, user_account_id) values ('Tami', '267-865-5739', 5);
insert into friend (name, phone_num, user_account_id) values ('Farlee', '478-374-8274', 68);
insert into friend (name, phone_num, user_account_id) values ('Delly', '391-149-8478', 76);
insert into friend (name, phone_num, user_account_id) values ('Barret', '914-520-8982', 54);
insert into friend (name, phone_num, user_account_id) values ('Swen', '702-770-6541', 3);
insert into friend (name, phone_num, user_account_id) values ('Rob', '716-511-3814', 41);
insert into friend (name, phone_num, user_account_id) values ('Gilligan', '850-933-0930', 87);
insert into friend (name, phone_num, user_account_id) values ('Briana', '179-301-7709', 44);
insert into friend (name, phone_num, user_account_id) values ('Annnora', '995-179-0013', 20);
insert into friend (name, phone_num, user_account_id) values ('Roderic', '849-701-1939', 75);
insert into friend (name, phone_num, user_account_id) values ('Kellie', '950-873-3130', 50);
insert into friend (name, phone_num, user_account_id) values ('Loralie', '158-118-0346', 34);
insert into friend (name, phone_num, user_account_id) values ('Delaney', '180-169-6005', 11);
insert into friend (name, phone_num, user_account_id) values ('Heall', '772-207-0886', 6);
insert into friend (name, phone_num, user_account_id) values ('Darnall', '762-978-9529', 66);
insert into friend (name, phone_num, user_account_id) values ('King', '666-627-2411', 20);
insert into friend (name, phone_num, user_account_id) values ('Ange', '411-186-0363', 18);
insert into friend (name, phone_num, user_account_id) values ('Dirk', '358-992-6858', 22);
insert into friend (name, phone_num, user_account_id) values ('Morlee', '415-435-5348', 89);
insert into friend (name, phone_num, user_account_id) values ('Adoree', '823-615-4375', 93);
insert into friend (name, phone_num, user_account_id) values ('Hube', '765-794-8160', 48);
insert into friend (name, phone_num, user_account_id) values ('Tandi', '522-266-3744', 11);
insert into friend (name, phone_num, user_account_id) values ('Georg', '603-674-2171', 2);
insert into friend (name, phone_num, user_account_id) values ('Winona', '890-376-2490', 13);
insert into friend (name, phone_num, user_account_id) values ('Noland', '947-602-1241', 25);
insert into friend (name, phone_num, user_account_id) values ('Base', '587-145-6060', 70);
insert into friend (name, phone_num, user_account_id) values ('Inglis', '782-571-0997', 25);
insert into friend (name, phone_num, user_account_id) values ('Lilla', '527-877-9368', 92);
insert into friend (name, phone_num, user_account_id) values ('Jana', '314-559-3336', 2);
insert into friend (name, phone_num, user_account_id) values ('Sherwynd', '405-958-3710', 93);
insert into friend (name, phone_num, user_account_id) values ('Sandye', '278-743-5855', 13);
insert into friend (name, phone_num, user_account_id) values ('Kayla', '931-894-9288', 18);
insert into friend (name, phone_num, user_account_id) values ('Nicolette', '874-414-3251', 95);
insert into friend (name, phone_num, user_account_id) values ('Chick', '475-997-0309', 81);
insert into friend (name, phone_num, user_account_id) values ('Bent', '747-708-4226', 41);
insert into friend (name, phone_num, user_account_id) values ('Carree', '407-269-9240', 86);
insert into friend (name, phone_num, user_account_id) values ('Thurstan', '341-983-5853', 35);
insert into friend (name, phone_num, user_account_id) values ('Delmar', '562-836-3582', 93);
insert into friend (name, phone_num, user_account_id) values ('Don', '234-778-8242', 24);
insert into friend (name, phone_num, user_account_id) values ('Artus', '901-414-3461', 79);
insert into friend (name, phone_num, user_account_id) values ('Vanny', '932-884-8031', 1);
insert into friend (name, phone_num, user_account_id) values ('Cathy', '536-371-6874', 60);
insert into friend (name, phone_num, user_account_id) values ('Lonnard', '602-612-9327', 41);
insert into friend (name, phone_num, user_account_id) values ('Tine', '110-487-4768', 18);
insert into friend (name, phone_num, user_account_id) values ('Tallou', '946-190-1478', 39);
insert into friend (name, phone_num, user_account_id) values ('Fancie', '119-721-4144', 51);
insert into friend (name, phone_num, user_account_id) values ('Milicent', '524-413-4949', 14);
insert into friend (name, phone_num, user_account_id) values ('Della', '807-993-0722', 44);
insert into friend (name, phone_num, user_account_id) values ('Hughie', '384-101-6020', 59);
insert into friend (name, phone_num, user_account_id) values ('Teena', '673-288-8606', 19);
insert into friend (name, phone_num, user_account_id) values ('Edwina', '556-918-4819', 64);
insert into friend (name, phone_num, user_account_id) values ('Anderson', '607-963-5638', 83);
insert into friend (name, phone_num, user_account_id) values ('Lizzie', '330-638-0613', 90);
insert into friend (name, phone_num, user_account_id) values ('Bren', '910-828-9198', 3);
insert into friend (name, phone_num, user_account_id) values ('Alberta', '193-761-6187', 31);
insert into friend (name, phone_num, user_account_id) values ('Alix', '251-616-1826', 33);
insert into friend (name, phone_num, user_account_id) values ('Vikky', '839-848-8773', 8);
insert into friend (name, phone_num, user_account_id) values ('Seka', '843-969-9844', 72);
insert into friend (name, phone_num, user_account_id) values ('Olivie', '861-835-9692', 86);
insert into friend (name, phone_num, user_account_id) values ('Rhetta', '635-601-6406', 32);
insert into friend (name, phone_num, user_account_id) values ('Paige', '384-263-6079', 16);
insert into friend (name, phone_num, user_account_id) values ('Ced', '461-949-3423', 58);
insert into friend (name, phone_num, user_account_id) values ('Clifford', '551-170-3113', 40);
insert into friend (name, phone_num, user_account_id) values ('Buck', '967-231-0163', 25);
insert into friend (name, phone_num, user_account_id) values ('Flossi', '944-420-9754', 17);
insert into friend (name, phone_num, user_account_id) values ('Orelle', '418-249-6572', 6);
insert into friend (name, phone_num, user_account_id) values ('Luella', '829-680-8274', 87);
insert into friend (name, phone_num, user_account_id) values ('Jaime', '960-745-2857', 81);
insert into friend (name, phone_num, user_account_id) values ('Corliss', '601-801-5923', 20);
insert into friend (name, phone_num, user_account_id) values ('North', '918-790-0228', 72);
insert into friend (name, phone_num, user_account_id) values ('Harcourt', '340-983-1552', 8);
insert into friend (name, phone_num, user_account_id) values ('Retha', '739-770-7133', 18);
insert into friend (name, phone_num, user_account_id) values ('Loy', '147-622-9570', 43);
insert into friend (name, phone_num, user_account_id) values ('Hubert', '370-124-5797', 41);
insert into friend (name, phone_num, user_account_id) values ('Cirillo', '290-409-9815', 40);
insert into friend (name, phone_num, user_account_id) values ('Killie', '560-258-8943', 69);
insert into friend (name, phone_num, user_account_id) values ('Bonnee', '390-365-7684', 64);
insert into friend (name, phone_num, user_account_id) values ('Carolus', '413-172-2509', 71);
insert into friend (name, phone_num, user_account_id) values ('Linzy', '219-972-5437', 44);
insert into friend (name, phone_num, user_account_id) values ('Clementia', '632-421-2989', 70);
insert into friend (name, phone_num, user_account_id) values ('Christine', '303-828-1637', 92);
insert into friend (name, phone_num, user_account_id) values ('Garrott', '863-916-2684', 68);
insert into friend (name, phone_num, user_account_id) values ('Ashbey', '109-170-6701', 93);
insert into friend (name, phone_num, user_account_id) values ('Diarmid', '750-112-5098', 93);
insert into friend (name, phone_num, user_account_id) values ('Aili', '214-268-6789', 87);
insert into friend (name, phone_num, user_account_id) values ('Rhodia', '920-987-9439', 82);
insert into friend (name, phone_num, user_account_id) values ('Jonis', '876-741-5092', 55);
insert into friend (name, phone_num, user_account_id) values ('Loleta', '704-349-3020', 20);
insert into friend (name, phone_num, user_account_id) values ('Elly', '217-219-4447', 52);
insert into friend (name, phone_num, user_account_id) values ('Garwin', '200-747-1243', 84);
insert into friend (name, phone_num, user_account_id) values ('Drona', '390-600-8915', 95);
insert into friend (name, phone_num, user_account_id) values ('Shelley', '673-467-2766', 20);
insert into friend (name, phone_num, user_account_id) values ('Zara', '398-732-2614', 5);
insert into friend (name, phone_num, user_account_id) values ('Archibaldo', '473-170-7702', 42);
insert into friend (name, phone_num, user_account_id) values ('Rabbi', '286-400-7444', 49);
insert into friend (name, phone_num, user_account_id) values ('Myra', '347-590-5852', 21);
insert into friend (name, phone_num, user_account_id) values ('Amy', '959-348-9335', 45);
insert into friend (name, phone_num, user_account_id) values ('Millard', '223-812-2882', 23);
insert into friend (name, phone_num, user_account_id) values ('Margit', '408-588-3944', 18);
insert into friend (name, phone_num, user_account_id) values ('Culver', '300-430-5515', 70);
insert into friend (name, phone_num, user_account_id) values ('Hillel', '874-229-7257', 4);
insert into friend (name, phone_num, user_account_id) values ('Alexina', '707-854-6467', 91);
insert into friend (name, phone_num, user_account_id) values ('Kevina', '516-891-4327', 15);
insert into friend (name, phone_num, user_account_id) values ('Lizette', '728-548-6798', 1);
insert into friend (name, phone_num, user_account_id) values ('Edvard', '618-650-1235', 35);
insert into friend (name, phone_num, user_account_id) values ('Julio', '374-128-4631', 21);
insert into friend (name, phone_num, user_account_id) values ('Sheila', '307-642-3949', 71);
insert into friend (name, phone_num, user_account_id) values ('Igor', '590-574-7074', 64);
insert into friend (name, phone_num, user_account_id) values ('Brit', '266-703-9586', 100);
insert into friend (name, phone_num, user_account_id) values ('Nickolai', '631-368-6887', 83);
insert into friend (name, phone_num, user_account_id) values ('Arabelle', '977-170-2825', 19);
insert into friend (name, phone_num, user_account_id) values ('Bonnibelle', '659-169-7077', 50);
insert into friend (name, phone_num, user_account_id) values ('Karoly', '664-350-3162', 16);
insert into friend (name, phone_num, user_account_id) values ('Patricia', '973-793-4020', 93);
insert into friend (name, phone_num, user_account_id) values ('Berk', '167-368-2079', 67);
insert into friend (name, phone_num, user_account_id) values ('Christal', '853-942-1732', 19);
insert into friend (name, phone_num, user_account_id) values ('Belinda', '181-296-6331', 31);
insert into friend (name, phone_num, user_account_id) values ('Ferdie', '587-138-5003', 7);
insert into friend (name, phone_num, user_account_id) values ('Rozelle', '221-209-3370', 96);
insert into friend (name, phone_num, user_account_id) values ('Abby', '191-974-0622', 82);
insert into friend (name, phone_num, user_account_id) values ('Creighton', '251-490-2874', 13);
insert into friend (name, phone_num, user_account_id) values ('Scarlett', '134-140-0433', 30);
insert into friend (name, phone_num, user_account_id) values ('Augustus', '807-336-4097', 86);
insert into friend (name, phone_num, user_account_id) values ('Dedie', '111-527-3446', 64);
insert into friend (name, phone_num, user_account_id) values ('Costanza', '352-718-2734', 23);
insert into friend (name, phone_num, user_account_id) values ('Drake', '598-466-0189', 77);
insert into friend (name, phone_num, user_account_id) values ('Frederique', '959-104-3283', 19);
insert into friend (name, phone_num, user_account_id) values ('Fernando', '786-664-7973', 7);
insert into friend (name, phone_num, user_account_id) values ('Petronella', '617-917-1938', 26);
insert into friend (name, phone_num, user_account_id) values ('Marya', '298-949-7357', 52);
insert into friend (name, phone_num, user_account_id) values ('Jeffry', '555-252-6353', 7);
insert into friend (name, phone_num, user_account_id) values ('Hunfredo', '499-863-9703', 45);
insert into friend (name, phone_num, user_account_id) values ('Pattie', '572-477-9389', 26);
insert into friend (name, phone_num, user_account_id) values ('Berry', '586-407-1498', 52);
insert into friend (name, phone_num, user_account_id) values ('Odetta', '977-943-9569', 12);
insert into friend (name, phone_num, user_account_id) values ('Neysa', '866-499-6763', 30);
insert into friend (name, phone_num, user_account_id) values ('Hyatt', '613-618-8018', 36);
insert into friend (name, phone_num, user_account_id) values ('Elizabeth', '730-795-0471', 16);
insert into friend (name, phone_num, user_account_id) values ('Jonell', '246-270-4019', 37);
insert into friend (name, phone_num, user_account_id) values ('Retha', '571-996-9668', 23);
insert into friend (name, phone_num, user_account_id) values ('Audi', '142-608-6147', 92);
insert into friend (name, phone_num, user_account_id) values ('Rebecca', '345-858-5589', 43);
insert into friend (name, phone_num, user_account_id) values ('Talbert', '176-555-9560', 57);
insert into friend (name, phone_num, user_account_id) values ('Miriam', '319-572-4449', 98);
insert into friend (name, phone_num, user_account_id) values ('Sarine', '327-210-7938', 84);
insert into friend (name, phone_num, user_account_id) values ('Mohandas', '901-350-6668', 35);
insert into friend (name, phone_num, user_account_id) values ('Tybi', '894-860-3360', 59);
insert into friend (name, phone_num, user_account_id) values ('My', '126-692-1572', 39);
insert into friend (name, phone_num, user_account_id) values ('Tarra', '934-786-3590', 43);
insert into friend (name, phone_num, user_account_id) values ('Sonnie', '823-661-8462', 22);
insert into friend (name, phone_num, user_account_id) values ('Olivier', '413-895-0154', 82);
insert into friend (name, phone_num, user_account_id) values ('Trixie', '653-319-8401', 98);
insert into friend (name, phone_num, user_account_id) values ('Elijah', '338-900-5967', 60);
insert into friend (name, phone_num, user_account_id) values ('Lazarus', '398-412-3085', 61);
insert into friend (name, phone_num, user_account_id) values ('Kesley', '390-250-4285', 46);
insert into friend (name, phone_num, user_account_id) values ('Bernita', '898-858-3756', 14);
insert into friend (name, phone_num, user_account_id) values ('Carola', '544-694-2328', 74);
insert into friend (name, phone_num, user_account_id) values ('Rina', '711-276-9297', 58);
insert into friend (name, phone_num, user_account_id) values ('Stacy', '555-403-0434', 50);
insert into friend (name, phone_num, user_account_id) values ('Ryan', '604-177-4823', 83);
insert into friend (name, phone_num, user_account_id) values ('Issy', '410-371-7522', 2);
insert into friend (name, phone_num, user_account_id) values ('Skippie', '952-828-6574', 48);
insert into friend (name, phone_num, user_account_id) values ('Caterina', '665-328-8079', 69);
insert into friend (name, phone_num, user_account_id) values ('Cesare', '900-486-0424', 56);
insert into friend (name, phone_num, user_account_id) values ('Piper', '124-821-3463', 28);
insert into friend (name, phone_num, user_account_id) values ('Oralle', '588-752-5025', 60);
insert into friend (name, phone_num, user_account_id) values ('Davin', '628-483-0027', 52);
insert into friend (name, phone_num, user_account_id) values ('Donnie', '168-992-5113', 33);
insert into friend (name, phone_num, user_account_id) values ('Raina', '232-638-8878', 60);
insert into friend (name, phone_num, user_account_id) values ('Rozelle', '777-617-3677', 98);
insert into friend (name, phone_num, user_account_id) values ('Cammi', '384-294-3714', 86);
insert into friend (name, phone_num, user_account_id) values ('Rosalyn', '124-494-1968', 4);
insert into friend (name, phone_num, user_account_id) values ('Miriam', '148-461-5371', 7);
insert into friend (name, phone_num, user_account_id) values ('Kenn', '693-449-8187', 18);
insert into friend (name, phone_num, user_account_id) values ('Cele', '999-860-3893', 70);
insert into friend (name, phone_num, user_account_id) values ('Devin', '917-977-7039', 50);
insert into friend (name, phone_num, user_account_id) values ('Chane', '858-242-7227', 27);
insert into friend (name, phone_num, user_account_id) values ('Gradeigh', '612-725-3294', 23);
insert into friend (name, phone_num, user_account_id) values ('Rhett', '644-566-9945', 57);
insert into friend (name, phone_num, user_account_id) values ('Darn', '780-711-1306', 42);
insert into friend (name, phone_num, user_account_id) values ('Myrna', '889-304-6195', 16);
insert into friend (name, phone_num, user_account_id) values ('Jillayne', '282-965-5645', 8);
insert into friend (name, phone_num, user_account_id) values ('Tiffany', '622-265-2468', 36);
insert into friend (name, phone_num, user_account_id) values ('Kane', '641-982-4055', 100);
insert into friend (name, phone_num, user_account_id) values ('Caty', '512-335-8012', 50);
insert into friend (name, phone_num, user_account_id) values ('Ardath', '923-848-7695', 61);
insert into friend (name, phone_num, user_account_id) values ('Blinni', '451-476-6677', 78);
insert into friend (name, phone_num, user_account_id) values ('Birgitta', '607-739-0377', 45);
insert into friend (name, phone_num, user_account_id) values ('Natassia', '414-831-1650', 100);
insert into friend (name, phone_num, user_account_id) values ('Grayce', '869-767-3503', 73);
insert into friend (name, phone_num, user_account_id) values ('Collin', '322-941-7308', 31);
insert into friend (name, phone_num, user_account_id) values ('Mala', '759-985-0780', 36);
insert into friend (name, phone_num, user_account_id) values ('Jordanna', '272-373-8450', 77);
insert into friend (name, phone_num, user_account_id) values ('Germaine', '573-256-4532', 5);
insert into friend (name, phone_num, user_account_id) values ('Chadd', '155-101-5349', 34);
insert into friend (name, phone_num, user_account_id) values ('Ransell', '786-121-2371', 96);
insert into friend (name, phone_num, user_account_id) values ('Vanya', '876-395-3196', 88);
insert into friend (name, phone_num, user_account_id) values ('Valeda', '652-831-3076', 19);
insert into friend (name, phone_num, user_account_id) values ('Hamlin', '838-619-5934', 26);
insert into friend (name, phone_num, user_account_id) values ('Jeanelle', '650-979-0215', 51);
insert into friend (name, phone_num, user_account_id) values ('Saree', '705-945-6171', 81);
insert into friend (name, phone_num, user_account_id) values ('Salem', '673-553-6902', 48);
insert into friend (name, phone_num, user_account_id) values ('Ynes', '704-845-9177', 68);
insert into friend (name, phone_num, user_account_id) values ('Gamaliel', '815-870-9042', 70);
insert into friend (name, phone_num, user_account_id) values ('Cchaddie', '570-916-1305', 3);
insert into friend (name, phone_num, user_account_id) values ('Calley', '548-455-2556', 70);
insert into friend (name, phone_num, user_account_id) values ('Feodor', '133-470-3049', 12);
insert into friend (name, phone_num, user_account_id) values ('Lawton', '378-945-6895', 7);
insert into friend (name, phone_num, user_account_id) values ('Ted', '503-445-1560', 47);
insert into friend (name, phone_num, user_account_id) values ('Vivienne', '775-629-0067', 86);
insert into friend (name, phone_num, user_account_id) values ('Katuscha', '720-156-1045', 62);
insert into friend (name, phone_num, user_account_id) values ('Perl', '905-601-8933', 8);
insert into friend (name, phone_num, user_account_id) values ('Mace', '171-827-5507', 24);
insert into friend (name, phone_num, user_account_id) values ('Harlie', '561-584-3065', 66);
insert into friend (name, phone_num, user_account_id) values ('Elianore', '251-509-6540', 2);
insert into friend (name, phone_num, user_account_id) values ('Isaak', '859-954-3261', 58);
insert into friend (name, phone_num, user_account_id) values ('Darrelle', '417-807-7120', 3);
insert into friend (name, phone_num, user_account_id) values ('Maribeth', '772-920-4990', 76);
insert into friend (name, phone_num, user_account_id) values ('Allan', '419-860-9322', 97);
insert into friend (name, phone_num, user_account_id) values ('Irv', '136-831-3051', 41);
insert into friend (name, phone_num, user_account_id) values ('Wynny', '117-722-7032', 13);
insert into friend (name, phone_num, user_account_id) values ('Gordy', '918-382-9595', 86);
insert into friend (name, phone_num, user_account_id) values ('Cloe', '661-490-9335', 62);
insert into friend (name, phone_num, user_account_id) values ('Lorianna', '923-265-5509', 83);
insert into friend (name, phone_num, user_account_id) values ('Daren', '721-309-0986', 10);
insert into friend (name, phone_num, user_account_id) values ('Sharline', '390-974-8363', 54);
insert into friend (name, phone_num, user_account_id) values ('Nicolea', '483-863-8193', 68);
insert into friend (name, phone_num, user_account_id) values ('Anatollo', '403-207-0867', 17);
insert into friend (name, phone_num, user_account_id) values ('Kimbell', '272-413-4761', 75);
insert into friend (name, phone_num, user_account_id) values ('Germaine', '105-235-2085', 62);
insert into friend (name, phone_num, user_account_id) values ('Joella', '989-314-4699', 66);
insert into friend (name, phone_num, user_account_id) values ('Melony', '236-661-6915', 43);
insert into friend (name, phone_num, user_account_id) values ('Rozele', '931-912-6015', 81);
insert into friend (name, phone_num, user_account_id) values ('Chrystal', '724-711-5908', 79);
insert into friend (name, phone_num, user_account_id) values ('Hamid', '988-180-2983', 49);
insert into friend (name, phone_num, user_account_id) values ('Talyah', '604-995-9727', 34);
insert into friend (name, phone_num, user_account_id) values ('Giana', '704-373-0132', 34);
insert into friend (name, phone_num, user_account_id) values ('Barthel', '902-697-6346', 9);
insert into friend (name, phone_num, user_account_id) values ('Van', '612-162-9110', 60);
insert into friend (name, phone_num, user_account_id) values ('Joey', '543-179-5837', 93);
insert into friend (name, phone_num, user_account_id) values ('Farica', '430-580-6785', 60);
insert into friend (name, phone_num, user_account_id) values ('Dianemarie', '582-149-8006', 65);
insert into friend (name, phone_num, user_account_id) values ('Courtnay', '206-348-3047', 61);
insert into friend (name, phone_num, user_account_id) values ('Mirelle', '112-974-4105', 49);
insert into friend (name, phone_num, user_account_id) values ('Mahmoud', '340-346-3459', 49);
insert into friend (name, phone_num, user_account_id) values ('Rafael', '376-928-0486', 46);
insert into friend (name, phone_num, user_account_id) values ('Candide', '731-866-8584', 86);
insert into friend (name, phone_num, user_account_id) values ('Carly', '150-545-6854', 44);
insert into friend (name, phone_num, user_account_id) values ('Kinny', '972-948-7374', 25);
insert into friend (name, phone_num, user_account_id) values ('Marget', '377-285-2651', 35);
insert into friend (name, phone_num, user_account_id) values ('Granville', '646-403-9743', 95);
insert into friend (name, phone_num, user_account_id) values ('Nannette', '507-193-1954', 55);
insert into friend (name, phone_num, user_account_id) values ('Farr', '176-492-4702', 16);
insert into friend (name, phone_num, user_account_id) values ('Adina', '389-488-5876', 70);
insert into friend (name, phone_num, user_account_id) values ('Sherill', '815-551-7331', 84);
insert into friend (name, phone_num, user_account_id) values ('Hieronymus', '920-378-4748', 49);
insert into friend (name, phone_num, user_account_id) values ('Fanechka', '127-988-0660', 4);
insert into friend (name, phone_num, user_account_id) values ('Cyndi', '181-512-0161', 58);
insert into friend (name, phone_num, user_account_id) values ('Alejandro', '143-866-8174', 1);
insert into friend (name, phone_num, user_account_id) values ('Raff', '282-695-1307', 33);
insert into friend (name, phone_num, user_account_id) values ('Kendal', '800-161-8231', 47);
insert into friend (name, phone_num, user_account_id) values ('Margaretha', '631-282-7287', 46);
insert into friend (name, phone_num, user_account_id) values ('Jania', '754-854-2176', 14);
insert into friend (name, phone_num, user_account_id) values ('Adriano', '999-159-1196', 76);
insert into friend (name, phone_num, user_account_id) values ('Dorie', '869-813-7222', 55);
insert into friend (name, phone_num, user_account_id) values ('Ab', '978-713-2224', 65);
insert into friend (name, phone_num, user_account_id) values ('Ardelle', '106-374-6024', 17);
insert into friend (name, phone_num, user_account_id) values ('Josephine', '500-255-5603', 25);
insert into friend (name, phone_num, user_account_id) values ('Zane', '430-934-9767', 2);
insert into friend (name, phone_num, user_account_id) values ('Nikita', '462-392-5696', 67);
insert into friend (name, phone_num, user_account_id) values ('Winthrop', '218-680-0961', 26);
insert into friend (name, phone_num, user_account_id) values ('Rozalie', '710-261-0036', 43);
insert into friend (name, phone_num, user_account_id) values ('Nikki', '204-191-5797', 98);
insert into friend (name, phone_num, user_account_id) values ('Gregory', '626-451-4406', 83);
insert into friend (name, phone_num, user_account_id) values ('Paige', '711-454-4360', 78);
insert into friend (name, phone_num, user_account_id) values ('Madelene', '565-872-4126', 54);
insert into friend (name, phone_num, user_account_id) values ('Cynde', '315-985-2957', 93);
insert into friend (name, phone_num, user_account_id) values ('Skyler', '773-168-1236', 52);
insert into friend (name, phone_num, user_account_id) values ('Devin', '104-381-8659', 89);
insert into friend (name, phone_num, user_account_id) values ('Ase', '436-876-2878', 60);
insert into friend (name, phone_num, user_account_id) values ('Blondelle', '303-902-1617', 69);
insert into friend (name, phone_num, user_account_id) values ('Saudra', '692-556-9987', 31);
insert into friend (name, phone_num, user_account_id) values ('Nickey', '894-198-5331', 100);
insert into friend (name, phone_num, user_account_id) values ('Nan', '543-365-5343', 36);
insert into friend (name, phone_num, user_account_id) values ('Penni', '753-675-2064', 27);
insert into friend (name, phone_num, user_account_id) values ('Cookie', '293-817-9018', 23);
insert into friend (name, phone_num, user_account_id) values ('Cordell', '848-820-8588', 37);
insert into friend (name, phone_num, user_account_id) values ('Kamillah', '571-970-9565', 40);
insert into friend (name, phone_num, user_account_id) values ('Athene', '534-714-6705', 38);
insert into friend (name, phone_num, user_account_id) values ('Guinna', '991-106-0235', 60);
insert into friend (name, phone_num, user_account_id) values ('Eugenie', '460-375-2410', 79);
insert into friend (name, phone_num, user_account_id) values ('Danette', '363-504-2285', 91);
insert into friend (name, phone_num, user_account_id) values ('Licha', '982-488-1855', 12);
insert into friend (name, phone_num, user_account_id) values ('Stephana', '551-100-9427', 88);
insert into friend (name, phone_num, user_account_id) values ('Iorgo', '893-316-8122', 32);
insert into friend (name, phone_num, user_account_id) values ('Brennen', '810-571-1809', 47);
insert into friend (name, phone_num, user_account_id) values ('Wilow', '166-415-9899', 17);
insert into friend (name, phone_num, user_account_id) values ('Valerye', '972-573-1158', 2);
insert into friend (name, phone_num, user_account_id) values ('Gal', '304-544-2292', 36);
insert into friend (name, phone_num, user_account_id) values ('Gerri', '881-755-6999', 96);
insert into friend (name, phone_num, user_account_id) values ('Cy', '433-554-1500', 74);
insert into friend (name, phone_num, user_account_id) values ('Ursola', '274-794-8977', 81);
insert into friend (name, phone_num, user_account_id) values ('Alonzo', '773-909-3103', 50);
insert into friend (name, phone_num, user_account_id) values ('Martha', '473-595-0433', 31);
insert into friend (name, phone_num, user_account_id) values ('Kylila', '376-123-4910', 13);
insert into friend (name, phone_num, user_account_id) values ('Ophelie', '667-881-2641', 43);
insert into friend (name, phone_num, user_account_id) values ('Cletus', '376-953-0948', 39);
insert into friend (name, phone_num, user_account_id) values ('Shannon', '179-392-2375', 89);
insert into friend (name, phone_num, user_account_id) values ('Ernst', '397-539-2672', 2);
insert into friend (name, phone_num, user_account_id) values ('Peter', '428-737-6967', 83);
insert into friend (name, phone_num, user_account_id) values ('Dallas', '733-820-1016', 29);
insert into friend (name, phone_num, user_account_id) values ('Roman', '609-951-6602', 29);
insert into friend (name, phone_num, user_account_id) values ('Kaia', '454-445-9016', 74);
insert into friend (name, phone_num, user_account_id) values ('Carney', '566-225-6200', 56);
insert into friend (name, phone_num, user_account_id) values ('Cordelie', '342-729-5342', 24);
insert into friend (name, phone_num, user_account_id) values ('Judi', '699-980-0473', 72);
insert into friend (name, phone_num, user_account_id) values ('Hatty', '964-428-7616', 81);
insert into friend (name, phone_num, user_account_id) values ('Wilone', '766-942-2640', 99);
insert into friend (name, phone_num, user_account_id) values ('Micah', '995-441-0645', 15);
insert into friend (name, phone_num, user_account_id) values ('Amelita', '759-413-0889', 25);
insert into friend (name, phone_num, user_account_id) values ('Catrina', '452-355-5146', 79);
insert into friend (name, phone_num, user_account_id) values ('Barbee', '502-762-9654', 4);
insert into friend (name, phone_num, user_account_id) values ('Roy', '690-682-7006', 68);
insert into friend (name, phone_num, user_account_id) values ('Haley', '586-949-7023', 26);
insert into friend (name, phone_num, user_account_id) values ('Juanita', '713-168-9799', 53);
insert into friend (name, phone_num, user_account_id) values ('Rowe', '886-304-9392', 67);
insert into friend (name, phone_num, user_account_id) values ('Lucais', '316-992-2733', 2);
insert into friend (name, phone_num, user_account_id) values ('Linell', '862-673-1349', 72);
insert into friend (name, phone_num, user_account_id) values ('Gustavus', '489-940-2749', 48);
insert into friend (name, phone_num, user_account_id) values ('Timoteo', '350-889-2087', 39);
insert into friend (name, phone_num, user_account_id) values ('Isobel', '213-520-9894', 31);
insert into friend (name, phone_num, user_account_id) values ('Mano', '182-831-2594', 94);
insert into friend (name, phone_num, user_account_id) values ('Gabriel', '391-600-3980', 10);
insert into friend (name, phone_num, user_account_id) values ('Fields', '747-226-4056', 51);
insert into friend (name, phone_num, user_account_id) values ('Katrina', '180-408-4903', 45);
insert into friend (name, phone_num, user_account_id) values ('Ettie', '784-963-0788', 2);
insert into friend (name, phone_num, user_account_id) values ('Paola', '562-488-0266', 55);
insert into friend (name, phone_num, user_account_id) values ('Josefina', '112-913-1031', 100);
insert into friend (name, phone_num, user_account_id) values ('Janelle', '622-208-9755', 91);
insert into friend (name, phone_num, user_account_id) values ('Vernon', '651-482-6525', 21);
insert into friend (name, phone_num, user_account_id) values ('Maxine', '592-729-2743', 18);
insert into friend (name, phone_num, user_account_id) values ('Maje', '139-423-8653', 18);
insert into friend (name, phone_num, user_account_id) values ('Cherise', '479-704-5664', 97);
insert into friend (name, phone_num, user_account_id) values ('Germayne', '142-650-5719', 36);
insert into friend (name, phone_num, user_account_id) values ('Elroy', '187-624-4137', 74);
insert into friend (name, phone_num, user_account_id) values ('Norry', '511-621-8641', 62);
insert into friend (name, phone_num, user_account_id) values ('Felicity', '773-733-8531', 9);
insert into friend (name, phone_num, user_account_id) values ('Otha', '623-553-9149', 71);
insert into friend (name, phone_num, user_account_id) values ('Lianna', '503-262-0246', 87);
insert into friend (name, phone_num, user_account_id) values ('Mellie', '232-840-8734', 35);
insert into friend (name, phone_num, user_account_id) values ('Rey', '858-779-2050', 22);
insert into friend (name, phone_num, user_account_id) values ('Holly-anne', '554-516-9583', 27);
insert into friend (name, phone_num, user_account_id) values ('Lin', '504-448-8336', 94);
insert into friend (name, phone_num, user_account_id) values ('Loralee', '784-268-4232', 21);
insert into friend (name, phone_num, user_account_id) values ('Delmer', '586-755-5597', 31);
insert into friend (name, phone_num, user_account_id) values ('Ryun', '555-806-8612', 67);
insert into friend (name, phone_num, user_account_id) values ('Lincoln', '346-473-0038', 88);
insert into friend (name, phone_num, user_account_id) values ('Inez', '775-353-5176', 67);
insert into friend (name, phone_num, user_account_id) values ('Tobiah', '738-400-0430', 49);
insert into friend (name, phone_num, user_account_id) values ('Carleton', '375-153-6956', 77);
insert into friend (name, phone_num, user_account_id) values ('Siegfried', '402-676-7899', 81);
insert into friend (name, phone_num, user_account_id) values ('Ilyse', '253-828-4396', 94);
insert into friend (name, phone_num, user_account_id) values ('Lillian', '413-443-4633', 73);
insert into friend (name, phone_num, user_account_id) values ('Gayle', '806-848-4830', 78);
insert into friend (name, phone_num, user_account_id) values ('Fonz', '121-611-7032', 57);
insert into friend (name, phone_num, user_account_id) values ('Orran', '809-688-9352', 23);
insert into friend (name, phone_num, user_account_id) values ('Prince', '232-806-3991', 63);
insert into friend (name, phone_num, user_account_id) values ('Rosemarie', '764-917-3830', 36);
insert into friend (name, phone_num, user_account_id) values ('Margret', '801-351-3797', 84);
insert into friend (name, phone_num, user_account_id) values ('Nellie', '248-346-9676', 79);
insert into friend (name, phone_num, user_account_id) values ('Marley', '800-151-4079', 46);
insert into friend (name, phone_num, user_account_id) values ('Gwenette', '182-483-3090', 45);
insert into friend (name, phone_num, user_account_id) values ('Terri', '561-935-2967', 40);
insert into friend (name, phone_num, user_account_id) values ('Rebeka', '492-309-1725', 50);
insert into friend (name, phone_num, user_account_id) values ('Ike', '817-784-9313', 24);
insert into friend (name, phone_num, user_account_id) values ('Simeon', '609-483-5633', 41);
insert into friend (name, phone_num, user_account_id) values ('Deny', '849-172-7805', 78);
insert into friend (name, phone_num, user_account_id) values ('Palm', '990-370-7407', 30);
insert into friend (name, phone_num, user_account_id) values ('Luce', '629-139-6063', 25);
insert into friend (name, phone_num, user_account_id) values ('Karlen', '919-240-7787', 76);
insert into friend (name, phone_num, user_account_id) values ('Fifine', '595-950-7356', 8);
insert into friend (name, phone_num, user_account_id) values ('Fidole', '596-513-1981', 50);
insert into friend (name, phone_num, user_account_id) values ('Demetria', '213-915-0699', 93);
insert into friend (name, phone_num, user_account_id) values ('Riki', '568-946-9065', 94);
insert into friend (name, phone_num, user_account_id) values ('Danila', '831-551-9624', 76);
insert into friend (name, phone_num, user_account_id) values ('Cosimo', '425-394-0306', 50);
insert into friend (name, phone_num, user_account_id) values ('Anny', '236-199-2048', 7);
insert into friend (name, phone_num, user_account_id) values ('Rose', '688-106-7726', 31);
insert into friend (name, phone_num, user_account_id) values ('Stanwood', '891-197-5567', 61);
insert into friend (name, phone_num, user_account_id) values ('Delmar', '141-231-3641', 78);
insert into friend (name, phone_num, user_account_id) values ('Janice', '480-143-2066', 38);
insert into friend (name, phone_num, user_account_id) values ('Darby', '180-491-9337', 36);
insert into friend (name, phone_num, user_account_id) values ('Rhona', '375-993-3254', 98);
insert into friend (name, phone_num, user_account_id) values ('Tamarra', '493-795-3760', 42);
insert into friend (name, phone_num, user_account_id) values ('Virgina', '100-945-1828', 6);
insert into friend (name, phone_num, user_account_id) values ('Chryste', '220-577-6636', 85);
insert into friend (name, phone_num, user_account_id) values ('Tomkin', '557-453-2362', 55);
insert into friend (name, phone_num, user_account_id) values ('Wandis', '474-466-9362', 23);
insert into friend (name, phone_num, user_account_id) values ('Gloria', '287-408-4292', 66);
insert into friend (name, phone_num, user_account_id) values ('Vida', '934-671-4350', 94);
insert into friend (name, phone_num, user_account_id) values ('Brent', '660-229-4938', 57);
insert into friend (name, phone_num, user_account_id) values ('Meghann', '605-876-6751', 93);
insert into friend (name, phone_num, user_account_id) values ('Rufus', '817-849-4317', 36);
insert into friend (name, phone_num, user_account_id) values ('Lia', '757-857-0474', 77);
insert into friend (name, phone_num, user_account_id) values ('Valentino', '373-776-7638', 55);
insert into friend (name, phone_num, user_account_id) values ('Ertha', '937-675-4019', 95);
insert into friend (name, phone_num, user_account_id) values ('Lovell', '260-407-6585', 17);
insert into friend (name, phone_num, user_account_id) values ('Nicolette', '368-755-6658', 53);
insert into friend (name, phone_num, user_account_id) values ('Noami', '605-230-6381', 27);
insert into friend (name, phone_num, user_account_id) values ('Salmon', '738-255-6433', 56);
insert into friend (name, phone_num, user_account_id) values ('Roselle', '618-918-3986', 98);
insert into friend (name, phone_num, user_account_id) values ('Carrol', '513-283-1790', 92);
insert into friend (name, phone_num, user_account_id) values ('Gustavo', '677-650-6778', 23);
insert into friend (name, phone_num, user_account_id) values ('Zena', '874-980-7014', 35);
insert into friend (name, phone_num, user_account_id) values ('Salomone', '314-368-0052', 59);
insert into friend (name, phone_num, user_account_id) values ('Cosmo', '298-941-4656', 15);
insert into friend (name, phone_num, user_account_id) values ('Rickie', '978-606-2493', 31);
insert into friend (name, phone_num, user_account_id) values ('Ralina', '567-687-1616', 82);
insert into friend (name, phone_num, user_account_id) values ('Kathryn', '754-271-8216', 60);
insert into friend (name, phone_num, user_account_id) values ('Sarge', '115-504-0392', 18);
insert into friend (name, phone_num, user_account_id) values ('Lancelot', '182-115-3837', 88);
insert into friend (name, phone_num, user_account_id) values ('Dot', '341-566-9316', 23);
insert into friend (name, phone_num, user_account_id) values ('Brooke', '814-796-7926', 34);
insert into friend (name, phone_num, user_account_id) values ('Moira', '848-850-9465', 74);
insert into friend (name, phone_num, user_account_id) values ('Gary', '908-512-2534', 49);
insert into friend (name, phone_num, user_account_id) values ('Shaylynn', '927-285-7397', 65);
insert into friend (name, phone_num, user_account_id) values ('Ruggiero', '354-172-3825', 17);
insert into friend (name, phone_num, user_account_id) values ('Shannon', '852-704-7160', 35);
insert into friend (name, phone_num, user_account_id) values ('Kayla', '124-276-9283', 89);
insert into friend (name, phone_num, user_account_id) values ('Lauretta', '460-423-6242', 65);
insert into friend (name, phone_num, user_account_id) values ('Gibbie', '915-911-0537', 17);
insert into friend (name, phone_num, user_account_id) values ('Nedi', '317-539-6206', 96);
insert into friend (name, phone_num, user_account_id) values ('Kaitlin', '456-844-6710', 30);
insert into friend (name, phone_num, user_account_id) values ('Missy', '659-159-5995', 94);
insert into friend (name, phone_num, user_account_id) values ('Gaston', '286-908-3242', 32);
insert into friend (name, phone_num, user_account_id) values ('Josiah', '588-380-5800', 82);
insert into friend (name, phone_num, user_account_id) values ('Julian', '867-312-9574', 47);
insert into friend (name, phone_num, user_account_id) values ('Brandyn', '858-402-1358', 92);
insert into friend (name, phone_num, user_account_id) values ('Benyamin', '516-475-0533', 54);
insert into friend (name, phone_num, user_account_id) values ('Elsa', '695-202-1100', 60);
insert into friend (name, phone_num, user_account_id) values ('Inesita', '214-303-6993', 74);
insert into friend (name, phone_num, user_account_id) values ('Robena', '759-943-3252', 44);
insert into friend (name, phone_num, user_account_id) values ('Etheline', '281-725-4956', 76);
insert into friend (name, phone_num, user_account_id) values ('Rutter', '140-940-0620', 3);
insert into friend (name, phone_num, user_account_id) values ('Myranda', '564-444-9213', 90);
insert into friend (name, phone_num, user_account_id) values ('Sadella', '934-448-6534', 12);
insert into friend (name, phone_num, user_account_id) values ('Beverley', '875-876-7520', 54);
insert into friend (name, phone_num, user_account_id) values ('Dalston', '423-734-0738', 49);
insert into friend (name, phone_num, user_account_id) values ('Yolanthe', '579-978-3401', 91);
insert into friend (name, phone_num, user_account_id) values ('Mordecai', '145-502-0811', 84);
insert into friend (name, phone_num, user_account_id) values ('Freddy', '803-715-2464', 5);
insert into friend (name, phone_num, user_account_id) values ('Dominica', '854-589-4483', 13);
insert into friend (name, phone_num, user_account_id) values ('Doy', '209-227-7985', 76);
insert into friend (name, phone_num, user_account_id) values ('Cherie', '180-590-0263', 45);
insert into friend (name, phone_num, user_account_id) values ('Roderigo', '887-505-7795', 97);
insert into friend (name, phone_num, user_account_id) values ('Katrinka', '856-111-7217', 16);
insert into friend (name, phone_num, user_account_id) values ('Jeffy', '275-832-6506', 26);
insert into friend (name, phone_num, user_account_id) values ('Randi', '472-504-9178', 73);
insert into friend (name, phone_num, user_account_id) values ('Celene', '112-257-7454', 14);
insert into friend (name, phone_num, user_account_id) values ('Ethyl', '361-707-8554', 82);
insert into friend (name, phone_num, user_account_id) values ('Kory', '574-426-7662', 41);
insert into friend (name, phone_num, user_account_id) values ('Carolin', '983-180-4800', 47);
insert into friend (name, phone_num, user_account_id) values ('Heddi', '414-256-5113', 23);
insert into friend (name, phone_num, user_account_id) values ('Floris', '520-346-0999', 6);
insert into friend (name, phone_num, user_account_id) values ('Eldon', '212-872-9265', 44);
insert into friend (name, phone_num, user_account_id) values ('Lyman', '757-903-1161', 10);
insert into friend (name, phone_num, user_account_id) values ('Hestia', '302-198-2079', 26);
insert into friend (name, phone_num, user_account_id) values ('Josie', '852-589-9580', 44);
insert into friend (name, phone_num, user_account_id) values ('Aura', '337-493-8393', 75);
insert into friend (name, phone_num, user_account_id) values ('Jervis', '665-307-9410', 6);
insert into friend (name, phone_num, user_account_id) values ('Tammara', '206-817-2863', 40);
insert into friend (name, phone_num, user_account_id) values ('Garv', '547-501-3126', 78);
insert into friend (name, phone_num, user_account_id) values ('Bert', '389-714-5082', 60);
insert into friend (name, phone_num, user_account_id) values ('Barbabas', '892-433-1458', 66);
insert into friend (name, phone_num, user_account_id) values ('Burlie', '857-141-2640', 5);
insert into friend (name, phone_num, user_account_id) values ('Berke', '381-823-0337', 58);
insert into friend (name, phone_num, user_account_id) values ('Lucretia', '224-705-1904', 35);
insert into friend (name, phone_num, user_account_id) values ('Celestyna', '695-373-5734', 51);
insert into friend (name, phone_num, user_account_id) values ('Berton', '128-111-1285', 4);
insert into friend (name, phone_num, user_account_id) values ('Isabel', '764-750-8126', 60);
insert into friend (name, phone_num, user_account_id) values ('Darcy', '654-917-3858', 73);
insert into friend (name, phone_num, user_account_id) values ('Dee', '804-488-2730', 96);
insert into friend (name, phone_num, user_account_id) values ('Montgomery', '160-374-2166', 99);
insert into friend (name, phone_num, user_account_id) values ('Chloris', '231-743-0687', 24);
insert into friend (name, phone_num, user_account_id) values ('Jarrett', '164-550-6240', 39);
insert into friend (name, phone_num, user_account_id) values ('Minda', '372-344-9042', 67);
insert into friend (name, phone_num, user_account_id) values ('Ricardo', '871-686-6470', 81);
insert into friend (name, phone_num, user_account_id) values ('Bogey', '689-124-5196', 71);
insert into friend (name, phone_num, user_account_id) values ('Jania', '773-223-3650', 90);
insert into friend (name, phone_num, user_account_id) values ('Gavrielle', '549-285-0032', 36);
insert into friend (name, phone_num, user_account_id) values ('Dalton', '648-718-9761', 61);
insert into friend (name, phone_num, user_account_id) values ('Kristen', '108-369-8130', 63);
insert into friend (name, phone_num, user_account_id) values ('Cross', '169-545-7952', 45);
insert into friend (name, phone_num, user_account_id) values ('Jakob', '203-775-9048', 31);
insert into friend (name, phone_num, user_account_id) values ('Anne-marie', '574-563-3507', 25);
insert into friend (name, phone_num, user_account_id) values ('Carlee', '565-358-6594', 36);
insert into friend (name, phone_num, user_account_id) values ('Doyle', '452-914-2876', 37);
insert into friend (name, phone_num, user_account_id) values ('Maurizio', '205-562-1576', 41);
insert into friend (name, phone_num, user_account_id) values ('Brocky', '665-263-3644', 24);
insert into friend (name, phone_num, user_account_id) values ('Rudolph', '918-344-3866', 89);
insert into friend (name, phone_num, user_account_id) values ('Cherida', '419-515-0626', 35);
insert into friend (name, phone_num, user_account_id) values ('Clarey', '150-837-2222', 76);
insert into friend (name, phone_num, user_account_id) values ('Gabriell', '460-921-8845', 88);
insert into friend (name, phone_num, user_account_id) values ('Lucille', '461-263-2294', 36);
insert into friend (name, phone_num, user_account_id) values ('Auberon', '228-759-4801', 11);
insert into friend (name, phone_num, user_account_id) values ('Wallis', '412-367-8562', 65);
insert into friend (name, phone_num, user_account_id) values ('Joby', '859-802-2671', 81);
insert into friend (name, phone_num, user_account_id) values ('Jori', '226-261-5711', 76);
insert into friend (name, phone_num, user_account_id) values ('Jan', '882-576-5612', 63);
insert into friend (name, phone_num, user_account_id) values ('Spence', '194-365-9072', 1);
insert into friend (name, phone_num, user_account_id) values ('Enos', '684-998-0148', 14);
insert into friend (name, phone_num, user_account_id) values ('Tarah', '905-726-7214', 10);
insert into friend (name, phone_num, user_account_id) values ('Norine', '897-123-7248', 99);
insert into friend (name, phone_num, user_account_id) values ('Ibrahim', '222-942-1912', 67);
insert into friend (name, phone_num, user_account_id) values ('Estrellita', '521-297-1228', 70);
insert into friend (name, phone_num, user_account_id) values ('Taddeo', '561-433-6540', 88);
insert into friend (name, phone_num, user_account_id) values ('Emmye', '627-553-3594', 22);
insert into friend (name, phone_num, user_account_id) values ('Paddy', '553-167-0006', 57);
insert into friend (name, phone_num, user_account_id) values ('Georgeanne', '688-572-7573', 23);
insert into friend (name, phone_num, user_account_id) values ('Umberto', '479-204-1104', 74);
insert into friend (name, phone_num, user_account_id) values ('Courtenay', '836-180-1050', 52);
insert into friend (name, phone_num, user_account_id) values ('Humbert', '974-312-3567', 26);
insert into friend (name, phone_num, user_account_id) values ('Ike', '858-478-4317', 30);
insert into friend (name, phone_num, user_account_id) values ('Ted', '245-948-3553', 48);
insert into friend (name, phone_num, user_account_id) values ('Wash', '829-126-9477', 18);
insert into friend (name, phone_num, user_account_id) values ('Wilmar', '931-983-7614', 85);
insert into friend (name, phone_num, user_account_id) values ('Amandi', '722-593-7060', 50);
insert into friend (name, phone_num, user_account_id) values ('Elora', '776-155-2662', 16);
insert into friend (name, phone_num, user_account_id) values ('Sacha', '482-413-3490', 73);
insert into friend (name, phone_num, user_account_id) values ('Rhianna', '912-328-2270', 76);
insert into friend (name, phone_num, user_account_id) values ('Waly', '944-591-8491', 20);
insert into friend (name, phone_num, user_account_id) values ('Kirstin', '551-252-0278', 13);
insert into friend (name, phone_num, user_account_id) values ('Hunt', '993-764-7218', 2);
insert into friend (name, phone_num, user_account_id) values ('Winnah', '543-122-4307', 31);
insert into friend (name, phone_num, user_account_id) values ('Danie', '390-123-1182', 45);
insert into friend (name, phone_num, user_account_id) values ('Finlay', '371-683-3105', 50);
insert into friend (name, phone_num, user_account_id) values ('Lauritz', '851-732-7057', 85);
insert into friend (name, phone_num, user_account_id) values ('Irv', '722-249-1800', 77);
insert into friend (name, phone_num, user_account_id) values ('Thom', '341-328-8496', 87);
insert into friend (name, phone_num, user_account_id) values ('Robena', '856-744-8425', 7);
insert into friend (name, phone_num, user_account_id) values ('Madlin', '815-456-2781', 32);
insert into friend (name, phone_num, user_account_id) values ('Bell', '933-282-1579', 2);
insert into friend (name, phone_num, user_account_id) values ('Gannon', '468-208-7710', 30);
insert into friend (name, phone_num, user_account_id) values ('Neddy', '522-324-8035', 38);
insert into friend (name, phone_num, user_account_id) values ('Rozamond', '368-645-7466', 65);
insert into friend (name, phone_num, user_account_id) values ('Raul', '924-990-8568', 39);
insert into friend (name, phone_num, user_account_id) values ('Judd', '287-829-7511', 79);
insert into friend (name, phone_num, user_account_id) values ('Farica', '646-282-8957', 16);
insert into friend (name, phone_num, user_account_id) values ('Drusie', '321-558-0662', 35);
insert into friend (name, phone_num, user_account_id) values ('Barnabas', '988-349-8832', 99);
insert into friend (name, phone_num, user_account_id) values ('Karena', '271-705-2590', 53);
insert into friend (name, phone_num, user_account_id) values ('Reeba', '221-141-4486', 15);
insert into friend (name, phone_num, user_account_id) values ('Eimile', '788-258-0074', 53);
insert into friend (name, phone_num, user_account_id) values ('Laird', '863-273-0767', 17);
insert into friend (name, phone_num, user_account_id) values ('Barbara', '554-215-3675', 88);
insert into friend (name, phone_num, user_account_id) values ('Phyllys', '182-310-7981', 5);
insert into friend (name, phone_num, user_account_id) values ('Jennilee', '527-311-4940', 14);
insert into friend (name, phone_num, user_account_id) values ('Lyndel', '580-992-1934', 20);
insert into friend (name, phone_num, user_account_id) values ('Karoly', '745-709-7017', 47);
insert into friend (name, phone_num, user_account_id) values ('Frankie', '126-157-4183', 9);
insert into friend (name, phone_num, user_account_id) values ('Kimberli', '822-255-6378', 6);
insert into friend (name, phone_num, user_account_id) values ('Emmalynne', '789-266-1621', 69);
insert into friend (name, phone_num, user_account_id) values ('Liesa', '479-639-6000', 4);
insert into friend (name, phone_num, user_account_id) values ('Magdalene', '284-674-9734', 45);
insert into friend (name, phone_num, user_account_id) values ('Hinda', '483-821-1463', 92);
insert into friend (name, phone_num, user_account_id) values ('Giacobo', '864-756-3372', 18);
insert into friend (name, phone_num, user_account_id) values ('Royall', '297-903-7046', 48);
insert into friend (name, phone_num, user_account_id) values ('Nari', '320-963-0812', 92);
insert into friend (name, phone_num, user_account_id) values ('Lincoln', '428-714-9762', 37);
insert into friend (name, phone_num, user_account_id) values ('Bern', '402-155-5378', 32);
insert into friend (name, phone_num, user_account_id) values ('Hestia', '842-220-5369', 15);
insert into friend (name, phone_num, user_account_id) values ('Jacquetta', '901-204-3588', 18);
insert into friend (name, phone_num, user_account_id) values ('Venita', '180-965-2668', 26);
insert into friend (name, phone_num, user_account_id) values ('Boyd', '422-948-4895', 91);
insert into friend (name, phone_num, user_account_id) values ('Clay', '765-879-5244', 99);
insert into friend (name, phone_num, user_account_id) values ('Tuesday', '607-121-4845', 71);
insert into friend (name, phone_num, user_account_id) values ('Jaye', '496-499-5576', 54);
insert into friend (name, phone_num, user_account_id) values ('Cornelius', '303-384-5395', 67);
insert into friend (name, phone_num, user_account_id) values ('Skipton', '657-808-8792', 40);
insert into friend (name, phone_num, user_account_id) values ('Ash', '770-279-8743', 16);
insert into friend (name, phone_num, user_account_id) values ('Grayce', '949-697-7100', 95);
insert into friend (name, phone_num, user_account_id) values ('Finn', '440-765-7032', 88);
insert into friend (name, phone_num, user_account_id) values ('Purcell', '591-538-0833', 17);
insert into friend (name, phone_num, user_account_id) values ('Grace', '890-865-9836', 87);
insert into friend (name, phone_num, user_account_id) values ('Roth', '450-621-0524', 60);
insert into friend (name, phone_num, user_account_id) values ('Georgy', '763-827-6561', 90);
insert into friend (name, phone_num, user_account_id) values ('Corbett', '895-759-1762', 86);
insert into friend (name, phone_num, user_account_id) values ('Raven', '400-200-0447', 63);
insert into friend (name, phone_num, user_account_id) values ('Saundra', '798-474-1646', 39);
insert into friend (name, phone_num, user_account_id) values ('Bernetta', '866-986-1800', 36);
insert into friend (name, phone_num, user_account_id) values ('Hartwell', '510-927-5479', 26);
insert into friend (name, phone_num, user_account_id) values ('Robbie', '524-104-0938', 16);
insert into friend (name, phone_num, user_account_id) values ('Alon', '570-335-7137', 57);
insert into friend (name, phone_num, user_account_id) values ('Falkner', '102-433-6471', 30);
insert into friend (name, phone_num, user_account_id) values ('Clywd', '480-420-6672', 28);
insert into friend (name, phone_num, user_account_id) values ('Robinia', '837-346-7250', 9);
insert into friend (name, phone_num, user_account_id) values ('Joceline', '728-946-4197', 32);
insert into friend (name, phone_num, user_account_id) values ('Harley', '945-794-4444', 37);
insert into friend (name, phone_num, user_account_id) values ('Daniele', '498-668-8411', 39);
insert into friend (name, phone_num, user_account_id) values ('Dory', '437-639-9016', 51);
insert into friend (name, phone_num, user_account_id) values ('Jaclin', '719-872-6218', 4);



-- dutch_result
insert into dutch_result (user_account_id, result, created_at) values (68, 'Revision of implant of breast', '2022-01-27');
insert into dutch_result (user_account_id, result, created_at) values (91, 'Prosthetic evaluation', '2023-03-25');
insert into dutch_result (user_account_id, result, created_at) values (43, 'Sequestrectomy, scapula, clavicle, and thorax [ribs and sternum]', '2023-01-01');
insert into dutch_result (user_account_id, result, created_at) values (82, 'Reduction of hemorrhoids', '2022-11-16');
insert into dutch_result (user_account_id, result, created_at) values (46, 'Common duct exploration for removal of calculus', '2021-07-29');
insert into dutch_result (user_account_id, result, created_at) values (13, 'Dilation of fallopian tube', '2022-06-10');
insert into dutch_result (user_account_id, result, created_at) values (15, 'Prophylactic vaccination against influenza', '2022-03-25');
insert into dutch_result (user_account_id, result, created_at) values (5, 'Removal of tube from small intestine', '2023-03-04');
insert into dutch_result (user_account_id, result, created_at) values (21, 'Sequestrectomy, tibia and fibula', '2021-08-26');
insert into dutch_result (user_account_id, result, created_at) values (96, 'Other operations on sclera', '2023-02-15');
insert into dutch_result (user_account_id, result, created_at) values (46, 'Removal of valve from vas deferens', '2022-12-21');
insert into dutch_result (user_account_id, result, created_at) values (2, 'Laser interstitial thermal therapy [LITT] of lesion or tissue of head and neck under guidance', '2021-09-05');
insert into dutch_result (user_account_id, result, created_at) values (35, 'Other repair of ankle', '2022-01-08');
insert into dutch_result (user_account_id, result, created_at) values (13, 'Local excision of esophageal diverticulum', '2021-12-05');
insert into dutch_result (user_account_id, result, created_at) values (73, 'Microscopic examination of specimen from eye, cell block and Papanicolaou smear', '2021-07-21');
insert into dutch_result (user_account_id, result, created_at) values (50, 'Other repair of ovary', '2021-10-06');
insert into dutch_result (user_account_id, result, created_at) values (77, 'Urethral meatotomy', '2022-03-11');
insert into dutch_result (user_account_id, result, created_at) values (26, 'Contrast radiogram of nasopharynx', '2023-03-29');
insert into dutch_result (user_account_id, result, created_at) values (72, 'Marsupialization of salivary gland cyst', '2021-05-09');
insert into dutch_result (user_account_id, result, created_at) values (48, 'Closure of fistula of larynx', '2023-02-11');
insert into dutch_result (user_account_id, result, created_at) values (57, 'Transsacral rectosigmoidectomy', '2021-05-15');
insert into dutch_result (user_account_id, result, created_at) values (59, 'Repair of other fistula of bladder', '2021-10-01');
insert into dutch_result (user_account_id, result, created_at) values (40, 'Insertion of intrauterine contraceptive device', '2022-07-04');
insert into dutch_result (user_account_id, result, created_at) values (44, 'Repair of current obstetric laceration of corpus uteri', '2023-01-22');
insert into dutch_result (user_account_id, result, created_at) values (77, 'Keratophakia', '2021-10-21');
insert into dutch_result (user_account_id, result, created_at) values (95, 'Wedge osteotomy, scapula, clavicle, and thorax [ribs and sternum]', '2022-06-05');
insert into dutch_result (user_account_id, result, created_at) values (77, 'Aspiration curettage of uterus for termination of pregnancy', '2021-07-18');
insert into dutch_result (user_account_id, result, created_at) values (22, 'Audiometry', '2023-01-01');
insert into dutch_result (user_account_id, result, created_at) values (44, 'Incision of vessel, unspecified site', '2021-12-09');
insert into dutch_result (user_account_id, result, created_at) values (18, 'Replacement of electronic ureteral stimulator', '2021-08-02');
insert into dutch_result (user_account_id, result, created_at) values (24, 'Monitoring of coronary blood flow', '2021-04-21');
insert into dutch_result (user_account_id, result, created_at) values (55, 'Insertion of spinal disc prosthesis, thoracic', '2023-03-17');
insert into dutch_result (user_account_id, result, created_at) values (42, 'Other endovascular procedures on other vessels', '2021-05-13');
insert into dutch_result (user_account_id, result, created_at) values (82, 'Open and other resection of transverse colon', '2023-03-11');
insert into dutch_result (user_account_id, result, created_at) values (78, 'Repair of mallet finger', '2022-11-16');
insert into dutch_result (user_account_id, result, created_at) values (68, 'Closure of urethrostomy', '2022-01-27');
insert into dutch_result (user_account_id, result, created_at) values (93, 'Artificial pacemaker voltage or amperage threshold check', '2021-06-04');
insert into dutch_result (user_account_id, result, created_at) values (26, 'Diagnostic procedures on bone, not elsewhere classified, other bones', '2023-02-18');
insert into dutch_result (user_account_id, result, created_at) values (6, 'Insertion of palatal implant', '2022-12-18');
insert into dutch_result (user_account_id, result, created_at) values (29, 'Limited eye examination', '2022-06-17');
insert into dutch_result (user_account_id, result, created_at) values (82, 'Electromyography', '2022-03-11');
insert into dutch_result (user_account_id, result, created_at) values (73, 'Other operations on pharynx', '2022-11-08');
insert into dutch_result (user_account_id, result, created_at) values (90, 'Transurethral destruction of prostate tissue by microwave thermotherapy', '2022-07-26');
insert into dutch_result (user_account_id, result, created_at) values (78, 'Injection of neurolytic agent into sympathetic nerve', '2022-04-04');
insert into dutch_result (user_account_id, result, created_at) values (55, 'Ultraviolet light therapy', '2022-07-07');
insert into dutch_result (user_account_id, result, created_at) values (86, 'Removal of other device from digestive system', '2022-07-18');
insert into dutch_result (user_account_id, result, created_at) values (40, 'Division of joint capsule, ligament, or cartilage, wrist', '2021-06-07');
insert into dutch_result (user_account_id, result, created_at) values (97, 'Other diagnostic procedures on teeth, gums, and alveoli', '2022-09-30');
insert into dutch_result (user_account_id, result, created_at) values (56, 'Other repair of ureter', '2023-02-26');
insert into dutch_result (user_account_id, result, created_at) values (79, 'Other destruction of lesion or tissue of stomach', '2022-11-29');
insert into dutch_result (user_account_id, result, created_at) values (65, 'Other cesarean section of unspecified type', '2022-05-19');
insert into dutch_result (user_account_id, result, created_at) values (43, 'Unilateral orchiectomy', '2022-01-19');
insert into dutch_result (user_account_id, result, created_at) values (39, 'Amputation, not otherwise specified', '2022-04-07');
insert into dutch_result (user_account_id, result, created_at) values (20, 'Other partial ostectomy, radius and ulna', '2022-01-02');
insert into dutch_result (user_account_id, result, created_at) values (89, 'Suture of gastric ulcer site', '2021-11-14');
insert into dutch_result (user_account_id, result, created_at) values (68, 'Other reconstructive and refractive surgery on cornea', '2021-11-29');
insert into dutch_result (user_account_id, result, created_at) values (57, 'Removal of other device from urinary system', '2021-06-02');
insert into dutch_result (user_account_id, result, created_at) values (45, 'Arthroplasty of carpocarpal or carpometacarpal joint without implant', '2021-08-11');
insert into dutch_result (user_account_id, result, created_at) values (73, 'Total breech extraction with forceps to aftercoming head', '2021-12-23');
insert into dutch_result (user_account_id, result, created_at) values (56, 'Polysomnogram', '2021-11-25');
insert into dutch_result (user_account_id, result, created_at) values (85, 'Training in braille or moon', '2022-08-26');
insert into dutch_result (user_account_id, result, created_at) values (52, 'Other evisceration of eyeball', '2021-10-07');
insert into dutch_result (user_account_id, result, created_at) values (73, 'Manual exploration of uterine cavity, postpartum', '2022-04-07');
insert into dutch_result (user_account_id, result, created_at) values (56, 'Unspecified operation on bone injury, unspecified site', '2022-04-16');
insert into dutch_result (user_account_id, result, created_at) values (41, 'Other tenonectomy', '2022-10-16');
insert into dutch_result (user_account_id, result, created_at) values (6, 'Exploration of pituitary fossa', '2021-09-26');
insert into dutch_result (user_account_id, result, created_at) values (71, 'Prescription, fitting, and dispensing of contact lens', '2021-06-25');
insert into dutch_result (user_account_id, result, created_at) values (34, 'Other bypass anastomosis for heart revascularization', '2022-10-20');
insert into dutch_result (user_account_id, result, created_at) values (6, 'Other tenotomy', '2022-10-19');
insert into dutch_result (user_account_id, result, created_at) values (50, 'Removal of breast tissue expander', '2021-09-04');
insert into dutch_result (user_account_id, result, created_at) values (19, 'Removal of lead(s) [electrode] without replacement', '2021-07-06');
insert into dutch_result (user_account_id, result, created_at) values (2, 'Pneumoperitoneum for collapse of lung', '2022-11-03');
insert into dutch_result (user_account_id, result, created_at) values (99, 'Other skin graft to other sites', '2022-07-01');
insert into dutch_result (user_account_id, result, created_at) values (44, 'Skeletal x-ray of ankle and foot', '2022-08-30');
insert into dutch_result (user_account_id, result, created_at) values (98, 'Application of external fixator device, monoplanar system', '2022-06-17');
insert into dutch_result (user_account_id, result, created_at) values (85, 'Debridement of open fracture site, tibia and fibula', '2022-08-21');
insert into dutch_result (user_account_id, result, created_at) values (59, 'Lysis of cortical adhesions', '2022-10-15');
insert into dutch_result (user_account_id, result, created_at) values (15, 'Other destruction of lesion or tissue of esophagus', '2023-02-15');
insert into dutch_result (user_account_id, result, created_at) values (76, 'Postoperative revision of scleral fistulization procedure', '2023-03-02');
insert into dutch_result (user_account_id, result, created_at) values (49, 'Transabdominal proctosigmoidoscopy', '2022-02-28');
insert into dutch_result (user_account_id, result, created_at) values (30, 'Graft of muscle or fascia', '2023-04-01');
insert into dutch_result (user_account_id, result, created_at) values (84, 'Closure of anal fistula', '2022-12-28');
insert into dutch_result (user_account_id, result, created_at) values (99, 'Removal of intraluminal foreign body from nose without incision', '2021-11-20');
insert into dutch_result (user_account_id, result, created_at) values (71, '(Aorto)coronary bypass of four or more coronary arteries', '2022-08-30');
insert into dutch_result (user_account_id, result, created_at) values (15, 'Closure of nephrostomy and pyelostomy', '2021-12-30');
insert into dutch_result (user_account_id, result, created_at) values (67, 'Incision of petrous pyramid air cells', '2021-11-28');
insert into dutch_result (user_account_id, result, created_at) values (66, 'Bilateral injection into breast for augmentation', '2022-11-08');
insert into dutch_result (user_account_id, result, created_at) values (58, 'Total correction of transposition of great vessels, not elsewhere classified', '2021-09-11');
insert into dutch_result (user_account_id, result, created_at) values (32, 'Vaginoscopy', '2023-03-12');
insert into dutch_result (user_account_id, result, created_at) values (38, 'Sequestrectomy, patella', '2021-10-09');
insert into dutch_result (user_account_id, result, created_at) values (59, 'Excision or destruction of lesion or tissue of scrotum', '2022-02-02');
insert into dutch_result (user_account_id, result, created_at) values (25, 'Unilateral adrenalectomy', '2021-08-16');
insert into dutch_result (user_account_id, result, created_at) values (1, 'Aspiration of thyroid field', '2021-04-23');
insert into dutch_result (user_account_id, result, created_at) values (53, 'Other repair of esophagus', '2023-04-01');
insert into dutch_result (user_account_id, result, created_at) values (32, 'Percutaneous hepatic cholangiogram', '2021-06-05');
insert into dutch_result (user_account_id, result, created_at) values (30, 'Incision of vessel, intracranial vessels', '2022-07-07');
insert into dutch_result (user_account_id, result, created_at) values (64, 'Other partial cholecystectomy', '2023-03-11');
insert into dutch_result (user_account_id, result, created_at) values (69, 'Other cholecystotomy', '2021-11-30');
insert into dutch_result (user_account_id, result, created_at) values (24, 'Replacement of automatic cardioverter/defibrillator pulse generator only', '2021-05-29');
insert into dutch_result (user_account_id, result, created_at) values (19, 'Intravascular pressure measurement of coronary arteries', '2022-01-09');
insert into dutch_result (user_account_id, result, created_at) values (78, 'Transplantation of ovary', '2022-07-25');
insert into dutch_result (user_account_id, result, created_at) values (61, 'Other excision or destruction of lesion or tissue of brain', '2022-09-18');
insert into dutch_result (user_account_id, result, created_at) values (43, 'Combined physical therapy without mention of the components', '2021-04-11');
insert into dutch_result (user_account_id, result, created_at) values (78, 'Sequestrectomy, other bones', '2022-11-03');
insert into dutch_result (user_account_id, result, created_at) values (35, 'Arthrodesis of shoulder', '2022-08-28');
insert into dutch_result (user_account_id, result, created_at) values (37, 'Revision or relocation of cardiac device pocket', '2022-08-26');
insert into dutch_result (user_account_id, result, created_at) values (44, 'Cardiovascular stress test using bicycle ergometer', '2021-04-11');
insert into dutch_result (user_account_id, result, created_at) values (82, 'Other and unspecified subtotal abdominal hysterectomy', '2021-07-23');
insert into dutch_result (user_account_id, result, created_at) values (67, 'Other partial breech extraction', '2022-04-05');
insert into dutch_result (user_account_id, result, created_at) values (77, 'Removal of internal biventricular heart replacement system', '2022-01-19');
insert into dutch_result (user_account_id, result, created_at) values (71, 'Open biopsy of seminal vesicles', '2021-09-03');
insert into dutch_result (user_account_id, result, created_at) values (35, 'Other local excision or destruction of lesion of joint, unspecified site', '2023-02-15');
insert into dutch_result (user_account_id, result, created_at) values (74, 'Vaginal construction', '2021-08-03');
insert into dutch_result (user_account_id, result, created_at) values (35, 'Pulmonary artery wedge monitoring', '2021-09-07');
insert into dutch_result (user_account_id, result, created_at) values (52, 'Incision of petrous pyramid air cells', '2021-04-28');
insert into dutch_result (user_account_id, result, created_at) values (95, 'Other soft tissue x-ray of chest wall', '2022-07-18');
insert into dutch_result (user_account_id, result, created_at) values (73, 'Truncal vagotomy', '2021-08-27');
insert into dutch_result (user_account_id, result, created_at) values (3, 'Biopsy of nose', '2021-06-24');
insert into dutch_result (user_account_id, result, created_at) values (88, 'Biopsy of joint structure, hand and finger', '2022-01-29');
insert into dutch_result (user_account_id, result, created_at) values (24, 'Endoscopic excision or destruction of lesion of biliary ducts or sphincter of Oddi', '2022-06-27');
insert into dutch_result (user_account_id, result, created_at) values (95, 'Salpingostomy', '2022-08-27');
insert into dutch_result (user_account_id, result, created_at) values (86, 'Fixation of large intestine to abdominal wall', '2022-04-30');
insert into dutch_result (user_account_id, result, created_at) values (94, 'Nephroureterectomy', '2022-11-27');
insert into dutch_result (user_account_id, result, created_at) values (20, 'Posterior anal sphincterotomy', '2022-09-19');
insert into dutch_result (user_account_id, result, created_at) values (20, 'Other cervical biopsy', '2023-03-28');
insert into dutch_result (user_account_id, result, created_at) values (21, 'Aortocoronary bypass for heart revascularization, not otherwise specified', '2022-01-02');
insert into dutch_result (user_account_id, result, created_at) values (98, 'Repair of cleft hand', '2022-05-20');
insert into dutch_result (user_account_id, result, created_at) values (75, 'Aortography', '2022-05-09');
insert into dutch_result (user_account_id, result, created_at) values (51, 'Suture of laceration of larynx', '2022-10-17');
insert into dutch_result (user_account_id, result, created_at) values (57, 'Biopsy of mouth, unspecified structure', '2023-01-06');
insert into dutch_result (user_account_id, result, created_at) values (84, 'Other appendectomy', '2022-05-08');
insert into dutch_result (user_account_id, result, created_at) values (33, 'Insertion of therapeutic device into uterus', '2021-11-17');
insert into dutch_result (user_account_id, result, created_at) values (98, 'Excision of periurethral tissue', '2022-10-03');
insert into dutch_result (user_account_id, result, created_at) values (99, 'High gastric bypass', '2021-06-12');
insert into dutch_result (user_account_id, result, created_at) values (51, 'Revision of carotid sinus stimulation pulse generator', '2022-02-08');
insert into dutch_result (user_account_id, result, created_at) values (47, 'Supersaturated oxygen therapy', '2021-04-29');
insert into dutch_result (user_account_id, result, created_at) values (71, 'Other repair of vessel', '2022-01-28');
insert into dutch_result (user_account_id, result, created_at) values (66, 'Insertion of indwelling urinary catheter', '2021-09-21');
insert into dutch_result (user_account_id, result, created_at) values (75, 'Suture of laceration of palate', '2022-11-04');
insert into dutch_result (user_account_id, result, created_at) values (30, 'Removal of prosthetic device from bile duct', '2021-07-26');
insert into dutch_result (user_account_id, result, created_at) values (82, 'Other division of bone, humerus', '2022-07-23');
insert into dutch_result (user_account_id, result, created_at) values (19, 'Implantation of cardiomyostimulation system', '2021-11-04');
insert into dutch_result (user_account_id, result, created_at) values (60, 'Laparoscopic lysis of peritoneal adhesions', '2022-01-13');
insert into dutch_result (user_account_id, result, created_at) values (29, 'Other skin traction of limbs', '2022-01-31');
insert into dutch_result (user_account_id, result, created_at) values (90, 'Endovascular replacement of unspecified heart valve', '2022-04-25');
insert into dutch_result (user_account_id, result, created_at) values (60, 'Removal of catheter(s) from cranial cavity or tissue', '2021-08-16');
insert into dutch_result (user_account_id, result, created_at) values (1, 'Closed endoscopic biopsy of lung', '2023-02-06');
insert into dutch_result (user_account_id, result, created_at) values (79, 'Internal fixation of bone without fracture reduction, tibia and fibula', '2022-12-21');
insert into dutch_result (user_account_id, result, created_at) values (100, 'Microscopic examination of specimen from female genital tract, parasitology', '2022-12-13');
insert into dutch_result (user_account_id, result, created_at) values (81, 'Other operations on ossicular chain', '2023-02-06');
insert into dutch_result (user_account_id, result, created_at) values (35, 'Small-to-small intestinal anastomosis', '2023-01-29');
insert into dutch_result (user_account_id, result, created_at) values (27, 'Other diagnostic procedures on pharynx', '2022-12-26');
insert into dutch_result (user_account_id, result, created_at) values (69, 'Other puncture of vein', '2022-10-17');
insert into dutch_result (user_account_id, result, created_at) values (61, 'Insertion of temporary non-implantable extracorporeal circulatory assist device', '2022-06-25');
insert into dutch_result (user_account_id, result, created_at) values (97, 'Other diagnostic procedures on kidney', '2022-07-03');
insert into dutch_result (user_account_id, result, created_at) values (60, 'Thoracoscopic lung biopsy', '2022-01-23');
insert into dutch_result (user_account_id, result, created_at) values (7, 'Control of epistaxis by posterior (and anterior) packing', '2022-03-03');
insert into dutch_result (user_account_id, result, created_at) values (10, 'Other biliary tract x-ray', '2021-06-10');
insert into dutch_result (user_account_id, result, created_at) values (66, 'Intra-abdominal manipulation of large intestine', '2021-11-09');
insert into dutch_result (user_account_id, result, created_at) values (85, 'Destruction of lesion of eyelid', '2022-06-13');
insert into dutch_result (user_account_id, result, created_at) values (10, 'Revision of joint replacement of upper extremity', '2022-11-26');
insert into dutch_result (user_account_id, result, created_at) values (64, 'Repair of blood vessel with tissue patch graft', '2021-05-03');
insert into dutch_result (user_account_id, result, created_at) values (23, 'Repair of laceration of conjunctiva', '2023-02-01');
insert into dutch_result (user_account_id, result, created_at) values (88, 'Other repair of chest wall', '2021-05-17');
insert into dutch_result (user_account_id, result, created_at) values (53, 'Other gastroenterostomy without gastrectomy', '2023-02-20');
insert into dutch_result (user_account_id, result, created_at) values (85, 'Other resection of rectum', '2023-02-19');
insert into dutch_result (user_account_id, result, created_at) values (17, 'Renal scan and radioisotope function study', '2022-10-16');
insert into dutch_result (user_account_id, result, created_at) values (14, 'Implantation of rechargeable cardiac contractility modulation [CCM], total system', '2021-07-10');
insert into dutch_result (user_account_id, result, created_at) values (90, 'Other anastomosis of cranial or peripheral nerve', '2022-01-03');
insert into dutch_result (user_account_id, result, created_at) values (90, 'Insertion of catheter into spinal canal for infusion of therapeutic or palliative substances', '2022-08-10');
insert into dutch_result (user_account_id, result, created_at) values (26, 'Other bilateral ligation and crushing of fallopian tubes', '2021-04-12');
insert into dutch_result (user_account_id, result, created_at) values (88, 'Relaxation of scar or web contracture of skin', '2022-04-30');
insert into dutch_result (user_account_id, result, created_at) values (52, 'Insertion of choledochohepatic tube for decompression', '2021-06-23');
insert into dutch_result (user_account_id, result, created_at) values (37, 'Contrast radiogram of orbit', '2022-01-04');
insert into dutch_result (user_account_id, result, created_at) values (29, 'Extracorporeal shockwave lithotripsy [ESWL] of the kidney, ureter and/or bladder', '2022-04-25');
insert into dutch_result (user_account_id, result, created_at) values (6, 'Amputation and disarticulation of finger', '2022-04-08');
insert into dutch_result (user_account_id, result, created_at) values (54, 'Fundus photography', '2021-10-22');
insert into dutch_result (user_account_id, result, created_at) values (93, 'Division of intraspinal nerve root', '2023-02-20');
insert into dutch_result (user_account_id, result, created_at) values (7, 'Fitting of prosthesis below knee', '2021-11-05');
insert into dutch_result (user_account_id, result, created_at) values (38, 'Repair of retinal detachment with laser photocoagulation', '2023-01-06');
insert into dutch_result (user_account_id, result, created_at) values (19, 'Bone graft, radius and ulna', '2022-12-31');
insert into dutch_result (user_account_id, result, created_at) values (64, 'Removal of intracranial neurostimulator lead(s)', '2023-02-22');
insert into dutch_result (user_account_id, result, created_at) values (95, 'Endometrial ablation', '2022-02-10');
insert into dutch_result (user_account_id, result, created_at) values (70, 'Osteopathic manipulative treatment for general mobilization', '2022-04-19');
insert into dutch_result (user_account_id, result, created_at) values (26, 'Implantation of electronic ureteral stimulator', '2022-03-14');
insert into dutch_result (user_account_id, result, created_at) values (50, 'Microscopic examination of specimen from spleen and of bone marrow, other microscopic examination', '2022-12-25');
insert into dutch_result (user_account_id, result, created_at) values (75, 'Muscle flap graft to breast', '2022-05-15');
insert into dutch_result (user_account_id, result, created_at) values (64, 'Insertion of tissue expander', '2021-08-24');
insert into dutch_result (user_account_id, result, created_at) values (35, 'Other operations on urinary system', '2021-12-17');
insert into dutch_result (user_account_id, result, created_at) values (42, 'Partial excision of pineal gland', '2021-10-04');
insert into dutch_result (user_account_id, result, created_at) values (49, 'Other incision of perivesical tissue', '2022-04-08');
insert into dutch_result (user_account_id, result, created_at) values (43, 'Other repair of rectum', '2022-08-06');
insert into dutch_result (user_account_id, result, created_at) values (7, 'Other lysis of perivesical adhesions', '2021-11-08');
insert into dutch_result (user_account_id, result, created_at) values (29, 'Other antesternal esophagoenterostomy', '2022-10-13');
insert into dutch_result (user_account_id, result, created_at) values (40, 'Biopsy of perianal tissue', '2021-04-04');
insert into dutch_result (user_account_id, result, created_at) values (22, 'Total repair of tetralogy of fallot', '2022-12-27');
insert into dutch_result (user_account_id, result, created_at) values (67, 'Open chest transmyocardial revascularization', '2021-10-09');
insert into dutch_result (user_account_id, result, created_at) values (9, 'Other operations on adrenal glands, nerves, and vessels', '2022-09-07');
insert into dutch_result (user_account_id, result, created_at) values (56, 'Endarterectomy, aorta', '2022-01-01');
insert into dutch_result (user_account_id, result, created_at) values (66, 'Bilateral repair of femoral hernia with graft or prosthesis', '2021-09-15');
insert into dutch_result (user_account_id, result, created_at) values (38, 'Sinusectomy, not otherwise specified', '2022-04-22');
insert into dutch_result (user_account_id, result, created_at) values (37, 'Other operations on nasal sinuses', '2021-12-24');
insert into dutch_result (user_account_id, result, created_at) values (87, 'Other interview and evaluation', '2023-01-26');
insert into dutch_result (user_account_id, result, created_at) values (85, 'Refusion of lumbar and lumbosacral spine, anterior column, anterior technique', '2022-08-14');
insert into dutch_result (user_account_id, result, created_at) values (67, 'Insertion of bone growth stimulator, humerus', '2021-07-28');
insert into dutch_result (user_account_id, result, created_at) values (8, 'Corneal transplant, not otherwise specified', '2023-01-09');
insert into dutch_result (user_account_id, result, created_at) values (36, 'Recreation therapy', '2022-02-09');
insert into dutch_result (user_account_id, result, created_at) values (84, 'Duhamel resection of rectum', '2023-01-16');
insert into dutch_result (user_account_id, result, created_at) values (68, 'Other psychologic evaluation and testing', '2021-07-27');
insert into dutch_result (user_account_id, result, created_at) values (61, 'Other reimplantation of ovary', '2021-05-25');
insert into dutch_result (user_account_id, result, created_at) values (57, 'Closure of other fistula of ureter', '2022-02-07');
insert into dutch_result (user_account_id, result, created_at) values (72, 'Repair of colovaginal fistula', '2022-07-12');
insert into dutch_result (user_account_id, result, created_at) values (5, 'Biopsy of middle and inner ear', '2021-07-09');
insert into dutch_result (user_account_id, result, created_at) values (57, 'Creation of peritoneovascular shunt', '2021-06-20');
insert into dutch_result (user_account_id, result, created_at) values (72, 'Other laparoscopic local excision or destruction of ovary', '2022-06-14');
insert into dutch_result (user_account_id, result, created_at) values (96, 'Microscopic examination of specimen from eye, bacterial smear', '2021-10-20');
insert into dutch_result (user_account_id, result, created_at) values (56, 'Operations on trabeculae carneae cordis', '2022-02-05');
insert into dutch_result (user_account_id, result, created_at) values (55, 'Excision of lesion of middle ear', '2021-04-04');
insert into dutch_result (user_account_id, result, created_at) values (39, 'Incision of perirectal tissue', '2022-01-10');
insert into dutch_result (user_account_id, result, created_at) values (99, 'Debridement of open fracture, unspecified site', '2022-03-31');
insert into dutch_result (user_account_id, result, created_at) values (36, 'Revision of hip replacement, both acetabular and femoral components', '2021-10-12');
insert into dutch_result (user_account_id, result, created_at) values (2, 'Ligation of ureter', '2021-08-03');
insert into dutch_result (user_account_id, result, created_at) values (77, 'Excision of periurethral tissue', '2021-04-23');
insert into dutch_result (user_account_id, result, created_at) values (88, 'Other intraoperative magnetic resonance imaging', '2021-11-01');
insert into dutch_result (user_account_id, result, created_at) values (60, 'Other repair of diaphragm', '2021-08-31');
insert into dutch_result (user_account_id, result, created_at) values (73, 'Cord blood stem cell transplant', '2022-10-18');
insert into dutch_result (user_account_id, result, created_at) values (11, 'Vaccination against typhoid and paratyphoid fever', '2022-10-09');
insert into dutch_result (user_account_id, result, created_at) values (100, 'Reopening of wound of thyroid field', '2023-01-15');
insert into dutch_result (user_account_id, result, created_at) values (90, 'Autologous bone marrow transplant with purging', '2022-08-28');
insert into dutch_result (user_account_id, result, created_at) values (17, 'Stereotactic radiosurgery, not otherwise specified', '2022-06-20');
insert into dutch_result (user_account_id, result, created_at) values (12, 'Training in joint movements', '2022-08-05');
insert into dutch_result (user_account_id, result, created_at) values (44, 'Allogeneic hematopoietic stem cell transplant with purging', '2021-06-23');
insert into dutch_result (user_account_id, result, created_at) values (13, 'Other arthrotomy, ankle', '2022-01-09');
insert into dutch_result (user_account_id, result, created_at) values (84, 'Synovectomy, wrist', '2022-06-21');
insert into dutch_result (user_account_id, result, created_at) values (22, 'Thoracoplasty', '2022-09-21');
insert into dutch_result (user_account_id, result, created_at) values (67, 'Intravascular pressure measurement of intrathoracic arteries', '2022-07-16');
insert into dutch_result (user_account_id, result, created_at) values (46, 'Closed reduction of temporomandibular dislocation', '2022-07-03');
insert into dutch_result (user_account_id, result, created_at) values (27, 'Esophagostomy, not otherwise specified', '2022-11-03');
insert into dutch_result (user_account_id, result, created_at) values (66, 'Other nonoperative respiratory measurements', '2022-08-14');
insert into dutch_result (user_account_id, result, created_at) values (9, 'Radial keratotomy', '2023-01-19');
insert into dutch_result (user_account_id, result, created_at) values (72, 'Arthrotomy for removal of prosthesis without replacement, other specified sites', '2022-08-02');
insert into dutch_result (user_account_id, result, created_at) values (99, 'Microscopic examination of specimen from liver, biliary tract, and pancreas, other microscopic examination', '2021-11-03');
insert into dutch_result (user_account_id, result, created_at) values (46, 'Abdominal lymphangiogram', '2021-07-27');
insert into dutch_result (user_account_id, result, created_at) values (88, 'Endoscopic pulmonary airway flow measurement', '2021-06-08');
insert into dutch_result (user_account_id, result, created_at) values (83, 'Other repair of nasal sinus', '2022-11-20');
insert into dutch_result (user_account_id, result, created_at) values (67, 'Open biopsy of pancreas', '2022-03-01');
insert into dutch_result (user_account_id, result, created_at) values (47, 'Diagnostic ultrasound of heart', '2021-07-02');
insert into dutch_result (user_account_id, result, created_at) values (9, 'Removal of retroperitoneal drainage device', '2022-08-19');
insert into dutch_result (user_account_id, result, created_at) values (48, 'Intrathoracic lymphangiogram', '2021-08-05');
insert into dutch_result (user_account_id, result, created_at) values (9, 'Other excision of vessels, other vessels of head and neck', '2022-12-07');
insert into dutch_result (user_account_id, result, created_at) values (75, 'Tracheostomy toilette', '2021-12-19');
insert into dutch_result (user_account_id, result, created_at) values (55, 'Biopsy of blood vessel', '2022-12-29');
insert into dutch_result (user_account_id, result, created_at) values (38, 'Pharyngotomy', '2021-12-26');
insert into dutch_result (user_account_id, result, created_at) values (100, 'Operations on eustachian tube', '2021-05-29');
insert into dutch_result (user_account_id, result, created_at) values (61, 'Other destruction of lesion of large intestine', '2023-01-29');
insert into dutch_result (user_account_id, result, created_at) values (93, 'Cervical lymphangiogram', '2021-08-25');
insert into dutch_result (user_account_id, result, created_at) values (84, 'Other and unspecified coronary arteriography', '2022-06-19');
insert into dutch_result (user_account_id, result, created_at) values (22, 'Microscopic examination of specimen from lymph node and of lymph, toxicology', '2023-01-25');
insert into dutch_result (user_account_id, result, created_at) values (15, 'Biopsy of perianal tissue', '2022-02-18');
insert into dutch_result (user_account_id, result, created_at) values (81, 'Esophagostomy, not otherwise specified', '2022-07-21');
insert into dutch_result (user_account_id, result, created_at) values (91, 'X-ray, other and unspecified', '2022-08-22');
insert into dutch_result (user_account_id, result, created_at) values (95, 'Operations on eustachian tube', '2022-06-04');
insert into dutch_result (user_account_id, result, created_at) values (75, 'Other mammography', '2022-05-03');
insert into dutch_result (user_account_id, result, created_at) values (28, 'Heterotransplant of pancreas', '2021-06-21');
insert into dutch_result (user_account_id, result, created_at) values (56, 'Removal of ligature from vas deferens', '2021-10-19');
insert into dutch_result (user_account_id, result, created_at) values (39, 'Pancreatic sphincterotomy', '2021-12-10');
insert into dutch_result (user_account_id, result, created_at) values (34, 'Other partial ostectomy, tarsals and metatarsals', '2022-07-01');
insert into dutch_result (user_account_id, result, created_at) values (86, 'Insertion of bone growth stimulator, patella', '2022-08-28');
insert into dutch_result (user_account_id, result, created_at) values (32, 'Replacement of automatic cardioverter/defibrillator pulse generator only', '2022-10-10');
insert into dutch_result (user_account_id, result, created_at) values (59, 'Single internal mammary-coronary artery bypass', '2022-05-24');
insert into dutch_result (user_account_id, result, created_at) values (90, 'Other operations on supporting structures of uterus', '2022-02-19');
insert into dutch_result (user_account_id, result, created_at) values (35, 'Microscopic examination of specimen from other site, bacterial smear', '2022-06-02');
insert into dutch_result (user_account_id, result, created_at) values (6, 'Sequestrectomy, unspecified site', '2021-08-08');
insert into dutch_result (user_account_id, result, created_at) values (62, 'Resistive exercise', '2023-03-20');
insert into dutch_result (user_account_id, result, created_at) values (40, 'Release of torsion of ovary', '2021-06-10');
insert into dutch_result (user_account_id, result, created_at) values (100, 'Replacement of any type of pacemaker device with single-chamber device, rate responsive', '2022-01-09');
insert into dutch_result (user_account_id, result, created_at) values (85, 'Thermocauterization of corneal lesion', '2022-10-03');
insert into dutch_result (user_account_id, result, created_at) values (59, 'Mediastinal pneumogram', '2022-01-19');
insert into dutch_result (user_account_id, result, created_at) values (44, 'Removal of skull plate', '2023-01-06');
insert into dutch_result (user_account_id, result, created_at) values (45, 'Sinogram of chest wall', '2022-05-20');
insert into dutch_result (user_account_id, result, created_at) values (33, 'Insertion of partial spinal disc prosthesis, lumbosacral', '2023-02-17');
insert into dutch_result (user_account_id, result, created_at) values (49, 'Revision of hip replacement, both acetabular and femoral components', '2022-06-08');
insert into dutch_result (user_account_id, result, created_at) values (54, 'Other operations on esophagus', '2022-10-03');
insert into dutch_result (user_account_id, result, created_at) values (29, 'Thoracoscopic ablation of lung lesion or tissue', '2022-05-12');
insert into dutch_result (user_account_id, result, created_at) values (55, 'Other plastic operations on fascia', '2023-03-10');
insert into dutch_result (user_account_id, result, created_at) values (25, 'Suture of gastric ulcer site', '2021-05-20');
insert into dutch_result (user_account_id, result, created_at) values (27, 'Other operations on penis', '2023-03-23');
insert into dutch_result (user_account_id, result, created_at) values (97, 'Insertion or replacement of multiple array neurostimulator pulse generator, not specified as rechargeable', '2022-05-01');
insert into dutch_result (user_account_id, result, created_at) values (49, 'Insertion of synthetic implant in facial bone', '2022-09-09');
insert into dutch_result (user_account_id, result, created_at) values (22, 'Closed [percutaneous] biopsy of seminal vesicles', '2021-05-31');
insert into dutch_result (user_account_id, result, created_at) values (93, 'Rigid proctosigmoidoscopy', '2022-12-25');
insert into dutch_result (user_account_id, result, created_at) values (85, 'Other diagnostic procedures on spermatic cord, epididymis, and vas deferens', '2022-10-25');
insert into dutch_result (user_account_id, result, created_at) values (82, 'Removal of other therapeutic device from head and neck', '2021-09-23');
insert into dutch_result (user_account_id, result, created_at) values (65, 'Other manipulation of lacrimal passage', '2022-07-09');
insert into dutch_result (user_account_id, result, created_at) values (76, 'Lysis of pharyngeal adhesions', '2021-11-03');
insert into dutch_result (user_account_id, result, created_at) values (36, 'Endovascular embolization or occlusion of vessel(s) of head or neck using bioactive coils', '2022-08-09');
insert into dutch_result (user_account_id, result, created_at) values (91, 'Closed [percutaneous] [needle] biopsy of brain', '2022-04-01');
insert into dutch_result (user_account_id, result, created_at) values (92, 'Vaginal construction', '2022-12-18');
insert into dutch_result (user_account_id, result, created_at) values (5, 'Closed percutaneous biopsy of ureter', '2021-10-12');
insert into dutch_result (user_account_id, result, created_at) values (5, 'Incision of lid margin', '2022-06-26');
insert into dutch_result (user_account_id, result, created_at) values (8, 'Abdominal proctopexy', '2022-10-25');
insert into dutch_result (user_account_id, result, created_at) values (33, 'Control of epistaxis, not otherwise specified', '2021-10-08');
insert into dutch_result (user_account_id, result, created_at) values (35, 'Closed reduction of fracture without internal fixation, phalanges of foot', '2022-10-31');
insert into dutch_result (user_account_id, result, created_at) values (46, 'Laparoscopic bilateral repair of inguinal hernia with graft or prosthesis, not otherwise specified', '2022-07-07');
insert into dutch_result (user_account_id, result, created_at) values (4, 'Revision of pedicle or flap graft', '2022-01-08');
insert into dutch_result (user_account_id, result, created_at) values (66, 'Repair of current obstetric laceration of rectum and sphincter ani', '2021-04-17');
insert into dutch_result (user_account_id, result, created_at) values (40, 'Injection into inner ear', '2021-08-19');
insert into dutch_result (user_account_id, result, created_at) values (32, 'Scraping of cornea for smear or culture', '2022-08-30');
insert into dutch_result (user_account_id, result, created_at) values (61, 'Pubiotomy to assist delivery', '2021-12-10');
insert into dutch_result (user_account_id, result, created_at) values (31, 'Other fasciectomy', '2021-11-13');
insert into dutch_result (user_account_id, result, created_at) values (90, 'Occupational therapy', '2022-06-09');
insert into dutch_result (user_account_id, result, created_at) values (59, 'Other hand tendon transposition', '2021-11-25');
insert into dutch_result (user_account_id, result, created_at) values (47, 'Partial ureterectomy', '2022-11-01');
insert into dutch_result (user_account_id, result, created_at) values (83, 'Unilateral repair of femoral hernia with graft or prosthesis', '2023-03-18');
insert into dutch_result (user_account_id, result, created_at) values (49, 'Other diagnostic procedures on ovaries', '2022-10-06');
insert into dutch_result (user_account_id, result, created_at) values (34, 'Other and open repair of umbilical hernia with graft or prosthesis', '2022-09-24');
insert into dutch_result (user_account_id, result, created_at) values (12, 'Left heart cardiac catheterization', '2022-09-02');
insert into dutch_result (user_account_id, result, created_at) values (98, 'Repair of inguinal hernia with graft or prosthesis, not otherwise specified', '2021-07-13');
insert into dutch_result (user_account_id, result, created_at) values (77, 'Ventricular shunt to extracranial site NEC', '2022-07-06');
insert into dutch_result (user_account_id, result, created_at) values (27, 'Therapeutic ultrasound of peripheral vascular vessels', '2021-11-14');
insert into dutch_result (user_account_id, result, created_at) values (84, 'Percutaneous hysterogram', '2022-04-06');
insert into dutch_result (user_account_id, result, created_at) values (70, 'Other incision of bone without division, tarsals and metatarsals', '2021-10-12');
insert into dutch_result (user_account_id, result, created_at) values (94, 'Radical neck dissection, not otherwise specified', '2022-06-30');
insert into dutch_result (user_account_id, result, created_at) values (37, 'Other repair and plastic operations on tongue', '2022-06-05');
insert into dutch_result (user_account_id, result, created_at) values (68, 'Control of epistaxis by anterior nasal packing', '2021-09-01');
insert into dutch_result (user_account_id, result, created_at) values (14, 'Other repair of penis', '2022-06-28');
insert into dutch_result (user_account_id, result, created_at) values (56, '[Endoscopic] polypectomy of rectum', '2022-10-06');
insert into dutch_result (user_account_id, result, created_at) values (24, 'Incision of rectal stricture', '2022-11-22');
insert into dutch_result (user_account_id, result, created_at) values (76, 'Repair of laceration involving lid margin, full-thickness', '2022-05-23');
insert into dutch_result (user_account_id, result, created_at) values (6, 'Ligation and stripping of varicose veins, lower limb veins', '2022-04-15');
insert into dutch_result (user_account_id, result, created_at) values (32, 'Application of external fixator device, humerus', '2021-09-07');
insert into dutch_result (user_account_id, result, created_at) values (94, 'Other therapeutic ultrasound', '2023-01-19');
insert into dutch_result (user_account_id, result, created_at) values (34, 'Incision of cervix to assist delivery', '2021-09-22');
insert into dutch_result (user_account_id, result, created_at) values (3, 'Total excision of pineal gland', '2023-01-06');
insert into dutch_result (user_account_id, result, created_at) values (74, 'Removal of other vaginal pessary', '2022-05-24');
insert into dutch_result (user_account_id, result, created_at) values (87, 'Magnetic resonance imaging of brain and brain stem', '2021-04-27');
insert into dutch_result (user_account_id, result, created_at) values (44, 'Transcatheter embolization for gastric or duodenal bleeding', '2022-06-16');
insert into dutch_result (user_account_id, result, created_at) values (16, 'Removal of foreign body from posterior segment of eye with use of magnet', '2023-03-14');
insert into dutch_result (user_account_id, result, created_at) values (73, 'Biopsy of chest wall', '2022-10-12');
insert into dutch_result (user_account_id, result, created_at) values (70, 'Excision of lesion of middle ear', '2022-11-23');
insert into dutch_result (user_account_id, result, created_at) values (64, 'Excisional debridement of wound, infection, or burn', '2022-05-30');
insert into dutch_result (user_account_id, result, created_at) values (90, 'Other and unspecified coronary arteriography', '2022-05-17');
insert into dutch_result (user_account_id, result, created_at) values (37, 'Computerized axial tomography of thorax', '2021-08-27');
insert into dutch_result (user_account_id, result, created_at) values (61, 'Other diagnostic ultrasound', '2022-05-18');
insert into dutch_result (user_account_id, result, created_at) values (61, 'Correction of cleft palate', '2021-08-09');
insert into dutch_result (user_account_id, result, created_at) values (75, 'Arthroscopy, foot and toe', '2021-11-24');
insert into dutch_result (user_account_id, result, created_at) values (58, 'Highly selective vagotomy', '2022-01-27');
insert into dutch_result (user_account_id, result, created_at) values (11, 'Local perfusion of kidney', '2022-09-01');
insert into dutch_result (user_account_id, result, created_at) values (25, 'Suture of unspecified blood vessel', '2021-06-28');
insert into dutch_result (user_account_id, result, created_at) values (2, 'Microscopic examination of specimen from kidney, ureter, perirenal and periureteral tissue, parasitology', '2021-07-26');
insert into dutch_result (user_account_id, result, created_at) values (64, 'Conization of cervix', '2021-12-25');
insert into dutch_result (user_account_id, result, created_at) values (72, 'Revision of total knee replacement, tibial insert (liner)', '2021-11-17');
insert into dutch_result (user_account_id, result, created_at) values (96, 'Venous catheterization, not elsewhere classified', '2021-09-23');
insert into dutch_result (user_account_id, result, created_at) values (60, 'Arterial catheterization', '2021-08-18');
insert into dutch_result (user_account_id, result, created_at) values (3, 'Reduction genioplasty', '2022-07-30');
insert into dutch_result (user_account_id, result, created_at) values (38, 'Bone scan', '2021-04-24');
insert into dutch_result (user_account_id, result, created_at) values (50, 'Closed endoscopic biopsy of lung', '2022-06-24');
insert into dutch_result (user_account_id, result, created_at) values (97, 'Incision of vessel, abdominal arteries', '2021-12-17');
insert into dutch_result (user_account_id, result, created_at) values (70, 'Other local excision or destruction of lesion of joint, other specified sites', '2021-05-13');
insert into dutch_result (user_account_id, result, created_at) values (68, 'Implantation or replacement of carotid sinus stimulation lead(s) only', '2021-12-21');
insert into dutch_result (user_account_id, result, created_at) values (4, 'Labial frenectomy', '2022-04-10');
insert into dutch_result (user_account_id, result, created_at) values (19, 'Repair of uvula', '2021-10-28');
insert into dutch_result (user_account_id, result, created_at) values (5, 'Insertion of other vaginal pessary', '2021-04-14');
insert into dutch_result (user_account_id, result, created_at) values (87, 'Radial keratotomy', '2022-01-28');
insert into dutch_result (user_account_id, result, created_at) values (55, 'Other diagnostic procedures on pancreas', '2022-03-03');
insert into dutch_result (user_account_id, result, created_at) values (51, 'Cannulation of thoracic duct', '2022-07-06');
insert into dutch_result (user_account_id, result, created_at) values (94, 'Lysis of intraluminal adhesions of vagina', '2022-10-25');
insert into dutch_result (user_account_id, result, created_at) values (34, 'Therapeutic plateletpheresis', '2021-05-19');
insert into dutch_result (user_account_id, result, created_at) values (65, 'Thoracoscopic pneumonectomy', '2022-04-21');
insert into dutch_result (user_account_id, result, created_at) values (12, 'Excision of lacrimal sac and passage', '2022-07-17');
insert into dutch_result (user_account_id, result, created_at) values (10, 'Closure of cystostomy', '2022-02-15');
insert into dutch_result (user_account_id, result, created_at) values (39, 'Excision or destruction of testicular lesion', '2022-01-06');
insert into dutch_result (user_account_id, result, created_at) values (88, 'Educational therapy', '2022-03-26');
insert into dutch_result (user_account_id, result, created_at) values (26, 'Colostomy, not otherwise specified', '2021-11-27');
insert into dutch_result (user_account_id, result, created_at) values (69, 'Removal of both testes at same operative episode', '2021-07-28');
insert into dutch_result (user_account_id, result, created_at) values (10, 'Diagnostic interview and evaluation, not otherwise specified', '2023-02-04');
insert into dutch_result (user_account_id, result, created_at) values (17, 'Internal fixation of bone without fracture reduction, carpals and metacarpals', '2022-03-29');
insert into dutch_result (user_account_id, result, created_at) values (49, 'Vaginal reconstruction', '2021-07-03');
insert into dutch_result (user_account_id, result, created_at) values (31, 'Tendon graft', '2021-11-05');
insert into dutch_result (user_account_id, result, created_at) values (42, 'Repair of rectovaginal fistula', '2022-06-06');
insert into dutch_result (user_account_id, result, created_at) values (96, 'Total ostectomy, scapula, clavicle, and thorax [ribs and sternum]', '2022-04-23');
insert into dutch_result (user_account_id, result, created_at) values (56, 'X-ray, other and unspecified', '2021-12-31');
insert into dutch_result (user_account_id, result, created_at) values (22, 'Ocular motility study', '2021-11-10');
insert into dutch_result (user_account_id, result, created_at) values (39, 'Open reduction of fracture without internal fixation, other specified bone', '2022-09-02');
insert into dutch_result (user_account_id, result, created_at) values (60, 'Other nephrotomogram', '2023-01-08');
insert into dutch_result (user_account_id, result, created_at) values (32, 'Total ostectomy, tibia and fibula', '2022-12-01');
insert into dutch_result (user_account_id, result, created_at) values (4, 'Excision of lesion of iris', '2021-11-02');
insert into dutch_result (user_account_id, result, created_at) values (28, 'Other operations on lacrimal system', '2021-12-02');
insert into dutch_result (user_account_id, result, created_at) values (49, 'Removal of orbital implant', '2021-10-05');
insert into dutch_result (user_account_id, result, created_at) values (1, 'Other diagnostic procedures on oral cavity', '2023-02-01');
insert into dutch_result (user_account_id, result, created_at) values (90, 'Insertion of totally implantable vascular access device [VAD]', '2022-12-08');
insert into dutch_result (user_account_id, result, created_at) values (48, 'Insertion of skull plate', '2022-07-18');
insert into dutch_result (user_account_id, result, created_at) values (90, 'Magnetic resonance imaging of spinal canal', '2023-01-16');
insert into dutch_result (user_account_id, result, created_at) values (6, 'Application of neck support', '2023-02-10');
insert into dutch_result (user_account_id, result, created_at) values (16, 'Transposition of extraocular muscles', '2021-07-18');
insert into dutch_result (user_account_id, result, created_at) values (25, 'Other surgical occlusion of vessels, other vessels of head and neck', '2022-04-30');
insert into dutch_result (user_account_id, result, created_at) values (75, 'Bone graft, unspecified site', '2022-03-11');
insert into dutch_result (user_account_id, result, created_at) values (20, 'Endoscopic destruction of other lesion or tissue of large intestine', '2021-10-11');
insert into dutch_result (user_account_id, result, created_at) values (78, 'Pharyngotomy', '2022-06-11');
insert into dutch_result (user_account_id, result, created_at) values (1, 'Resection of vessel with replacement, other vessels of head and neck', '2022-06-15');
insert into dutch_result (user_account_id, result, created_at) values (93, 'Colostomy, not otherwise specified', '2022-04-10');
insert into dutch_result (user_account_id, result, created_at) values (62, 'Combined right and left heart angiocardiography', '2022-11-03');
insert into dutch_result (user_account_id, result, created_at) values (41, 'Lysis of goniosynechiae', '2022-07-10');
insert into dutch_result (user_account_id, result, created_at) values (63, 'Reconstruction of eyelid with mucous membrane flap or graft', '2021-11-28');
insert into dutch_result (user_account_id, result, created_at) values (39, 'Unspecified operation on bone injury, phalanges of hand', '2021-11-01');
insert into dutch_result (user_account_id, result, created_at) values (36, 'Other diagnostic procedures on adrenal glands, pituitary gland, pineal gland, and thymus', '2023-03-15');
insert into dutch_result (user_account_id, result, created_at) values (96, 'Amputation, not otherwise specified', '2023-01-23');
insert into dutch_result (user_account_id, result, created_at) values (72, 'Other uterine suspension', '2021-08-15');
insert into dutch_result (user_account_id, result, created_at) values (57, 'Closure of fistula of larynx', '2022-06-27');
insert into dutch_result (user_account_id, result, created_at) values (50, 'Plastic operation on hand with other graft or implant', '2023-02-09');
insert into dutch_result (user_account_id, result, created_at) values (25, 'Biopsy of diaphragm', '2022-11-02');
insert into dutch_result (user_account_id, result, created_at) values (62, 'Other physical therapy', '2021-11-10');
insert into dutch_result (user_account_id, result, created_at) values (65, 'Repair of uvula', '2022-05-01');
insert into dutch_result (user_account_id, result, created_at) values (85, 'Closure of skin and subcutaneous tissue of other sites', '2022-07-24');
insert into dutch_result (user_account_id, result, created_at) values (30, 'Anastomosis of pancreas', '2022-01-30');
insert into dutch_result (user_account_id, result, created_at) values (57, 'Other partial salpingectomy', '2022-06-21');
insert into dutch_result (user_account_id, result, created_at) values (17, 'Resection of vessel with replacement, other vessels of head and neck', '2022-05-14');
insert into dutch_result (user_account_id, result, created_at) values (12, 'Biopsy of gum', '2021-04-26');
insert into dutch_result (user_account_id, result, created_at) values (19, 'Proctosigmoidoscopy through artificial stoma', '2021-10-19');
insert into dutch_result (user_account_id, result, created_at) values (88, 'Other destruction of lesion or tissue of esophagus', '2022-09-13');
insert into dutch_result (user_account_id, result, created_at) values (73, 'Open biopsy of esophagus', '2023-03-14');
insert into dutch_result (user_account_id, result, created_at) values (31, 'Truncal vagotomy', '2021-08-29');
insert into dutch_result (user_account_id, result, created_at) values (97, 'Autopsy', '2022-06-28');
insert into dutch_result (user_account_id, result, created_at) values (77, 'Anastomosis of gallbladder to intestine', '2022-05-17');
insert into dutch_result (user_account_id, result, created_at) values (13, 'Other miscellaneous procedures', '2022-07-30');
insert into dutch_result (user_account_id, result, created_at) values (39, 'Repair of ventricular septal defect with prosthesis, closed technique', '2022-11-14');
insert into dutch_result (user_account_id, result, created_at) values (23, 'Implantation of automatic cardioverter/defibrillator pulse generator only', '2021-08-09');
insert into dutch_result (user_account_id, result, created_at) values (77, 'Full-thickness skin graft to other sites', '2022-05-19');
insert into dutch_result (user_account_id, result, created_at) values (82, 'Repair of entropion or ectropion by suture technique', '2022-01-27');
insert into dutch_result (user_account_id, result, created_at) values (64, 'Nephropexy', '2021-10-03');
insert into dutch_result (user_account_id, result, created_at) values (33, 'Microscopic examination of specimen from musculoskeletal system and of joint fluid, parasitology', '2022-05-15');
insert into dutch_result (user_account_id, result, created_at) values (54, 'Insertion of subcutaneous electrical anal stimulator', '2021-05-12');
insert into dutch_result (user_account_id, result, created_at) values (29, 'Closed reduction of fracture with internal fixation, phalanges of foot', '2021-05-19');
insert into dutch_result (user_account_id, result, created_at) values (62, 'Scan of other sites', '2022-03-07');
insert into dutch_result (user_account_id, result, created_at) values (54, 'Pulmonary artery pressure monitoring', '2021-11-21');
insert into dutch_result (user_account_id, result, created_at) values (65, 'Closure of nephrostomy and pyelostomy', '2021-07-12');
insert into dutch_result (user_account_id, result, created_at) values (55, 'Closure of anal fistula', '2022-11-01');
insert into dutch_result (user_account_id, result, created_at) values (1, 'Implantation of total internal biventricular heart replacement system', '2021-07-06');
insert into dutch_result (user_account_id, result, created_at) values (71, 'Intravascular imaging of intrathoracic vessels', '2022-03-21');
insert into dutch_result (user_account_id, result, created_at) values (77, 'Radical neck dissection, unilateral', '2021-07-29');
insert into dutch_result (user_account_id, result, created_at) values (10, 'Incision of adrenal gland', '2022-11-02');
insert into dutch_result (user_account_id, result, created_at) values (76, 'Other division of bone, humerus', '2021-07-09');
insert into dutch_result (user_account_id, result, created_at) values (89, 'X-ray study of eye', '2021-06-09');
insert into dutch_result (user_account_id, result, created_at) values (14, 'Microscopic examination of specimen from endocrine gland, not elsewhere classified, parasitology', '2021-07-01');
insert into dutch_result (user_account_id, result, created_at) values (84, 'Diagnostic aspiration of anterior chamber of eye', '2021-08-18');
insert into dutch_result (user_account_id, result, created_at) values (92, 'Repair of fistula of cervix', '2022-09-20');
insert into dutch_result (user_account_id, result, created_at) values (13, 'Revision of implant of breast', '2022-11-17');
insert into dutch_result (user_account_id, result, created_at) values (68, 'Limited eye examination', '2021-06-18');
insert into dutch_result (user_account_id, result, created_at) values (44, 'Total wrist replacement', '2022-04-20');
insert into dutch_result (user_account_id, result, created_at) values (3, 'Lumbar and lumbosacral fusion of the posterior column, posterior technique', '2022-05-27');
insert into dutch_result (user_account_id, result, created_at) values (14, 'Unspecified operation on bone injury, carpals and metacarpals', '2022-03-17');
insert into dutch_result (user_account_id, result, created_at) values (90, 'Orthoptic training', '2023-02-23');
insert into dutch_result (user_account_id, result, created_at) values (65, 'Other orthognathic surgery on mandible', '2021-10-28');
insert into dutch_result (user_account_id, result, created_at) values (6, 'Therapeutic photopheresis', '2022-07-28');
insert into dutch_result (user_account_id, result, created_at) values (7, 'Complete parathyroidectomy', '2022-02-02');
insert into dutch_result (user_account_id, result, created_at) values (97, 'Bilateral breast implant', '2021-08-20');
insert into dutch_result (user_account_id, result, created_at) values (63, 'Cardiac mapping', '2021-10-12');
insert into dutch_result (user_account_id, result, created_at) values (18, 'Division of joint capsule, ligament, or cartilage, knee', '2022-07-27');
insert into dutch_result (user_account_id, result, created_at) values (47, 'Fitting of prosthesis of upper arm and shoulder', '2022-06-29');
insert into dutch_result (user_account_id, result, created_at) values (43, 'Other transanal enema', '2021-09-12');
insert into dutch_result (user_account_id, result, created_at) values (13, 'Other repair of laceration of eyelid, partial-thickness', '2022-02-28');
insert into dutch_result (user_account_id, result, created_at) values (88, 'Other bunionectomy', '2022-01-10');
insert into dutch_result (user_account_id, result, created_at) values (38, 'Microscopic examination of specimen from female genital tract, bacterial smear', '2022-01-31');
insert into dutch_result (user_account_id, result, created_at) values (53, 'Sinogram of chest wall', '2022-04-12');
insert into dutch_result (user_account_id, result, created_at) values (50, 'Endarterectomy, other vessels of head and neck', '2021-10-25');
insert into dutch_result (user_account_id, result, created_at) values (81, 'Mechanical vitrectomy by anterior approach', '2022-09-28');
insert into dutch_result (user_account_id, result, created_at) values (64, 'Other vaccination and inoculation', '2022-05-20');
insert into dutch_result (user_account_id, result, created_at) values (12, 'Other incision of bone without division, tibia and fibula', '2021-11-19');
insert into dutch_result (user_account_id, result, created_at) values (39, 'Reconstruction of eyelid with hair follicle graft', '2021-04-05');
insert into dutch_result (user_account_id, result, created_at) values (76, 'Other operations on valves of heart', '2023-02-01');
insert into dutch_result (user_account_id, result, created_at) values (87, 'Collection of sperm for artificial insemination', '2021-05-16');
insert into dutch_result (user_account_id, result, created_at) values (58, 'Sequestrectomy, femur', '2021-10-31');
insert into dutch_result (user_account_id, result, created_at) values (33, 'Endovascular implantation of branching or fenestrated graft(s) in aorta', '2021-05-11');
insert into dutch_result (user_account_id, result, created_at) values (54, 'Percutaneous insertion of other extracranial artery stent(s)', '2022-02-26');
insert into dutch_result (user_account_id, result, created_at) values (82, 'Superficial inferior epigastric artery (SIEA) flap, free', '2022-01-13');
insert into dutch_result (user_account_id, result, created_at) values (97, 'Radical maxillary antrotomy', '2023-01-31');
insert into dutch_result (user_account_id, result, created_at) values (80, 'Other incision, excision, and destruction of inner ear', '2022-12-03');
insert into dutch_result (user_account_id, result, created_at) values (24, 'Other hand muscle transfer or transplantation', '2021-09-20');
insert into dutch_result (user_account_id, result, created_at) values (50, 'Removal of urethral stent', '2022-11-25');
insert into dutch_result (user_account_id, result, created_at) values (2, 'Incision of vessel, other vessels of head and neck', '2022-01-01');
insert into dutch_result (user_account_id, result, created_at) values (88, 'Replacement of vaginal or vulvar packing or drain', '2022-03-04');
insert into dutch_result (user_account_id, result, created_at) values (78, 'Biopsy of periprostatic tissue', '2022-07-20');
insert into dutch_result (user_account_id, result, created_at) values (33, 'Other diagnostic procedures on heart and pericardium', '2022-05-18');
insert into dutch_result (user_account_id, result, created_at) values (40, 'Repair of corneal laceration or wound with conjunctival flap', '2021-10-25');
insert into dutch_result (user_account_id, result, created_at) values (35, 'Packing of external auditory canal', '2022-10-06');
insert into dutch_result (user_account_id, result, created_at) values (24, 'Lysis of adhesions of spermatic cord', '2022-06-09');
insert into dutch_result (user_account_id, result, created_at) values (40, 'Removal of ligature from ureter', '2021-04-08');
insert into dutch_result (user_account_id, result, created_at) values (85, 'Percutaneous angioplasty of intracranial vessel(s)', '2021-04-15');
insert into dutch_result (user_account_id, result, created_at) values (45, 'Suture of laceration of scrotum and tunica vaginalis', '2022-02-07');
insert into dutch_result (user_account_id, result, created_at) values (75, 'Recession of one extraocular muscle', '2022-10-14');
insert into dutch_result (user_account_id, result, created_at) values (72, 'Mechanical fragmentation of secondary membrane [after cataract]', '2022-02-03');
insert into dutch_result (user_account_id, result, created_at) values (60, 'Other excision of external ear', '2021-06-30');
insert into dutch_result (user_account_id, result, created_at) values (49, 'Wide excision of lesion of lip', '2021-04-10');
insert into dutch_result (user_account_id, result, created_at) values (72, 'Reconstruction of conjunctival cul-de-sac with free graft', '2022-01-04');
insert into dutch_result (user_account_id, result, created_at) values (33, 'Repair of atrial septal defect with prosthesis, open technique', '2023-03-12');
insert into dutch_result (user_account_id, result, created_at) values (90, 'Other local excision of lesion of duodenum', '2022-06-16');
insert into dutch_result (user_account_id, result, created_at) values (1, 'Suture of unspecified blood vessel', '2021-05-22');
insert into dutch_result (user_account_id, result, created_at) values (56, 'Repair of brain', '2022-04-12');
insert into dutch_result (user_account_id, result, created_at) values (72, 'Other incision of bone without division, scapula, clavicle, and thorax [ribs and sternum]', '2022-05-18');
insert into dutch_result (user_account_id, result, created_at) values (80, 'Dilation of fallopian tube', '2021-04-04');
insert into dutch_result (user_account_id, result, created_at, created_at_string, names) values (2729636089, '총 계산 금액은 80,000원 입니다.<br>홍길동 -> 김영희에게 보낼 금액은 : 20,000원 입니다.<br>김철수 -> 김영희에게 보낼 금액은 : 10,000원 입니다.<br>김철수 -> 강호동에게 보낼 금액은 : 10,000원 입니다.<br>', '2023-04-25', '2023-04-25', '김영희,홍길동,김철수,강호동');
insert into dutch_result (user_account_id, result, created_at, created_at_string, names) values (2729636089, '총 계산 금액은 31,000원 입니다.<br>김영희 -> 홍길동에게 보낼 금액은 : 10,300원 입니다.<br>김철수 -> 홍길동에게 보낼 금액은 : 9,300원 입니다.<br>', '2023-04-27', '2023-04-27', '홍길동,김철수,김영희');
insert into dutch_result (user_account_id, result, created_at, created_at_string, names) values (2729636089, '총 계산 금액은 23,000원 입니다.<br>김철수 -> 홍길동에게 보낼 금액은 : 11,500원 입니다.<br>', '2023-02-20', '2023-02-20', '홍길동,김철수');
insert into dutch_result (user_account_id, result, created_at, created_at_string, names) values (2729636089, '총 계산 금액은 23,000원 입니다.<br>김철수 -> 홍길동에게 보낼 금액은 : 11,500원 입니다.<br>', '2023-04-01', '2023-04-01', '홍길동,김철수');
insert into dutch_result (user_account_id, result, created_at, created_at_string, names) values (2729636089, '총 계산 금액은 130,000원 입니다.<br>김영희 -> 김철수에게 보낼 금액은 : 32,500원 입니다.<br>강호동 -> 김철수에게 보낼 금액은 : 32,500원 입니다.<br>홍길동 -> 김철수에게 보낼 금액은 : 22,500원 입니다.<br>', '2023-03-21', '2023-03-21', '홍길동,김철수,김영희,강호동');
insert into dutch_result (user_account_id, result, created_at, created_at_string, names) values (2729636089, '총 계산 금액은 130,000원 입니다.<br>김영희 -> 김철수에게 보낼 금액은 : 32,500원 입니다.<br>강호동 -> 김철수에게 보낼 금액은 : 32,500원 입니다.<br>홍길동 -> 김철수에게 보낼 금액은 : 22,500원 입니다.<br>', '2023-04-10', '2023-04-10', '홍길동,김철수,김영희,강호동');